SubjectID,Motor_label,Label,RMS_Feature_1,RMS_Feature_2,RMS_Feature_3,RMS_Feature_4,RMS_Feature_5,RMS_Feature_6,RMS_Feature_7,RMS_Feature_8,RMS_Feature_9,RMS_Feature_10,RMS_Feature_11,RMS_Feature_12,RMS_Feature_13,RMS_Feature_14,RMS_Feature_15
S1,M1,1,0.5334196073779836,0.49454041660056797,0.48559655691810333,0.48065582079127156,0.5403165622464902,0.518495098585438,0.5077023720790509,0.4791269726864232,0.5794440019952387,0.5155577169520444,0.4932068480199939,0.5176581853209229,0.559638465575847,0.49790141053028,0.5312984461800034
S1,M2,2,0.5114131999472381,0.5270236083129489,0.5405741994717721,0.5358873606664568,0.5403696831599549,0.5206948063698867,0.5235825389934321,0.5056624972251911,0.5334939759293447,0.5314310055356797,0.561252387324702,0.5084468769292106,0.5753494817660416,0.551956605908305,0.544724541810266
S1,M3,3,0.5297487997436385,0.55287644837698,0.5473961639905306,0.511620127269732,0.5207933454776758,0.5237244476478141,0.5141689085005822,0.5389788849383699,0.5343979070383986,0.5295933592369491,0.5214243888308789,0.515212232332176,0.5613586912797108,0.5096846386420067,0.5804270259787392
S1,M4,4,0.5174422056249062,0.5887540752741183,0.5854261172421101,0.5316477732910025,0.5338160675614079,0.5250001993696103,0.5321945659892098,0.5486727360720144,0.523082874861115,0.5336955041979949,0.5355645002818306,0.5484399726933462,0.5823248606689052,0.5643746098534665,0.5741610857332223
S1,M5,5,0.4958823654012843,0.540262928015516,0.5940798046680291,0.5232997469014377,0.5046351678987142,0.5310066961288274,0.5443492056569791,0.568589126902151,0.5171303291296276,0.513199758787278,0.5310451972871322,0.583882894061883,0.5859705939624359,0.5095838864722939,0.5810354524761483
S1,M6,6,0.5554754456765081,0.5451103147183127,0.5191095237976233,0.5762221704461156,0.5622221733512125,0.5436933401721953,0.5297109881276045,0.5091768140357813,0.47912779783360515,0.47164931101720275,0.45688987954803817,0.4809202298653557,0.6036451129264968,0.4659059119869218,0.6286661705196344
S1,M7,7,0.5093058901951009,0.5901187400988293,0.5440478460440729,0.5070915638974263,0.4993090254409981,0.5163857614460013,0.5199753072755031,0.5154386631417341,0.5197903566991927,0.5114949570134145,0.4974072121410419,0.5149188591521181,0.605682780825539,0.4956429636268004,0.5753931598578799
S10,M1,1,0.16609063231911017,0.514431528191435,0.5497187484560039,0.5319316714785823,0.5418592251379138,0.5442059513658514,0.5590299463075323,0.4940661672560229,0.4286153967770909,0.4129152014369586,0.691306039507375,0.5164739425505419,0.5076182196086803,0.533088016897783,0.45489150856473887
S10,M2,2,0.5338183331525275,0.5188266849784204,0.5409724445969064,0.5219580631001225,0.5786656600511901,0.5153677349642012,0.5135918407178706,0.5223754293351479,0.5466731241147318,0.5467243023703235,0.5313645900725854,0.5213658928620706,0.5224372851699413,0.5434924798793707,0.4860428234124223
S10,M3,3,0.5163699949071547,0.5317106194848392,0.542913140761751,0.5230825008446077,0.4952545238542183,0.5290998007699654,0.5661956171529018,0.5432157447741336,0.5274469086661369,0.5454784919257097,0.5016732304372966,0.506399516973962,0.547364542567724,0.6078896646309959,0.547536121893162
S10,M4,4,0.5461230333395977,0.5218570209633548,0.5313295415275092,0.5281862453134518,0.5260807638202134,0.5364116836370895,0.5348101179672569,0.5582329239707906,0.5632181937982581,0.5447844705780847,0.5785544428213379,0.539374729838945,0.5256564270351134,0.593302049353331,0.5093728148208533
S10,M5,5,0.5000674953334745,0.550318221231775,0.5336820974530017,0.5348358510079988,0.5167245126981495,0.5441015084040111,0.5370965249083438,0.523744738515561,0.5523904914510357,0.5339923787132179,0.5060138266663663,0.5491403633104129,0.5161482616463781,0.5043232781917005,0.540644169915722
S10,M6,6,0.5316220593271764,0.541334325579699,0.5363481744864895,0.5322556231048121,0.5222560537433225,0.5164661391969789,0.524404607379207,0.5343123068274529,0.5292023165484784,0.5194627643113139,0.5411329453634718,0.5139180227061195,0.5454950373921126,0.5660381833059093,0.5189893488283306
S10,M7,7,0.5806068013003518,0.5710010339228625,0.5551086634997071,0.5610523425441434,0.47981997132621557,0.5822828332780494,0.5662564665021572,0.5511432493790889,0.5793230293617696,0.5516862648014833,0.5843940977663978,0.5305304570098244,0.4472980416530542,0.5540734385202899,0.5059892185490676
S11,M1,1,0.543097549166444,0.4840410485839658,0.5311393247220232,0.49013027562880745,0.4515021356984225,0.5079611345443706,0.5776435348584339,0.5089897692088798,0.4861744796816911,0.6119750575116134,0.5679650172576961,0.502068580032567,0.46344054320584205,0.46397552359769156,0.4427437822711917
S11,M2,2,0.5473511126992974,0.4830082920202467,0.5398612357930507,0.5273778269315241,0.5094277636605392,0.49610558302303626,0.4977250898845728,0.50397865862458,0.555512288599193,0.5179488321543463,0.5746034084209053,0.524620819194966,0.49691407316651814,0.5263834104637305,0.4986487596952493
S11,M3,3,0.5431419553333644,0.5189407091909989,0.5631091113243205,0.5454108409519313,0.4981471390728517,0.5299316473123589,0.5302379002442894,0.49574847070199696,0.5546741754578614,0.539201505822667,0.5128492111828244,0.5124071865280886,0.5371713316067034,0.4934272109730524,0.5277200637091717
S11,M4,4,0.5145302521961342,0.5335126965308544,0.5269634423635998,0.5242538778283559,0.5014715366314642,0.5388797232819914,0.5479377694057479,0.5295956168188527,0.5043972818707131,0.48375903001628184,0.5265452361847935,0.5163820059843421,0.5505062995518877,0.5669156843165671,0.5514322225565126
S11,M5,5,0.5317631317305584,0.5182610435164533,0.5036717798448265,0.49767379002663825,0.46427875549703684,0.5251055122829256,0.5208071570243141,0.517087574607411,0.5517772812687112,0.5208654807730878,0.5560469537113382,0.5065402353705941,0.5055439395717787,0.532685100446808,0.5138592834452707
S11,M6,6,0.5480684343989262,0.5719637284425834,0.556165632247413,0.5531954471306284,0.5082322320060941,0.5564124244078023,0.5395746643323184,0.49852974316914966,0.4965487137164911,0.5542763969778106,0.5387851559098611,0.525179295518641,0.5253295920412184,0.513820476073301,0.5606429948031861
S11,M7,7,0.5176567931729046,0.5511935284566394,0.5230402021650056,0.5303889752601251,0.5350800031671916,0.5361564890738597,0.5554458095181836,0.5544646998596201,0.5236419317619898,0.477681546899751,0.5239365577039355,0.5363025419470466,0.5410203629683179,0.49891413846872884,0.5524762287427948
S12,M1,1,0.48390176168155685,0.5653962879627941,0.5877323835974549,0.5944178082205089,0.5632638719734779,0.5698296344955371,0.562726435776126,0.5491918636298313,0.5247689429823313,0.5367003910179451,0.5745107332914607,0.5290938334947244,0.5288136576769077,0.5253664658036444,0.5321708673608235
S12,M2,2,0.49809092689172535,0.5698633875720296,0.5050907208730668,0.5176879948776084,0.49953111706201964,0.49794693297773485,0.5135974495913762,0.5357262023490879,0.49945862627341614,0.5390720629343753,0.5091629023076351,0.5559707369140786,0.4908900599134648,0.5150109523191462,0.4980040146326482
S12,M3,3,0.5076333140065048,0.5126962265878744,0.5287592583642022,0.5277476340911306,0.5254212337885799,0.5299682766151014,0.5241065096384777,0.5494779583670895,0.5083488319595479,0.5146942040189725,0.5261695819831378,0.5449090236539874,0.5011322119858205,0.5016691184643072,0.502213840751749
S12,M4,4,0.47372633580816037,0.5524311280770866,0.5257930390707785,0.5447070424262409,0.5307855534054409,0.5197298193471591,0.5159894843299744,0.5365593077993187,0.5149550161936756,0.5128080731083295,0.5246840936263205,0.49038217453144384,0.5083860351000627,0.5113653228185416,0.5144075312277384
S12,M5,5,0.5025812600401375,0.5213207330752475,0.5298676478834438,0.527825527081394,0.5310292645575743,0.5076332917403386,0.5249197894051916,0.5671114580413373,0.5368732613779466,0.5184238552222853,0.516611804228242,0.4928461282610866,0.5077861973384389,0.5345363917743977,0.5288663016447794
S12,M6,6,0.4886216915910516,0.49775079852945225,0.537293004501978,0.5396791642091018,0.5168899153580162,0.5219816057797206,0.5324163246661976,0.527240224916536,0.5069605880753653,0.5184834857951599,0.5073935277766314,0.5160617196983607,0.5266599197655208,0.5261781875887954,0.515790546391666
S12,M7,7,0.5111331259801488,0.5245012793961465,0.5062829706338257,0.5095853365732076,0.5203991582323649,0.5131274282247202,0.5270187115301926,0.5171651912835881,0.5123967929370921,0.47460466800886303,0.5067880478777713,0.4994656648718805,0.5174431318393159,0.49565808101112435,0.5321587281452608
S13,M1,1,0.5800650808553691,0.509530924898346,0.4911823824597493,0.48523500064668523,0.4921983386437605,0.5034120449831336,0.5150755047496417,0.48992518794100787,0.5751323937048136,0.2811478008036158,0.4765563646017945,0.5741825197510936,0.4835908911142168,0.45767063002381697,0.5167821434376733
S13,M2,2,0.5523506202866628,0.47433207700874175,0.49680109051574395,0.5008402010182473,0.5020218188399268,0.5114818380139745,0.5061039703237482,0.5016615660722199,0.5030352776199495,0.5229444755856975,0.5131053821059703,0.5150345210446099,0.5100106481911986,0.5104838300856234,0.5001082320620067
S13,M3,3,0.5219456881757314,0.5468812268026538,0.5134142913731373,0.49804909211786164,0.5321049843330476,0.5227723925943668,0.5290265555719494,0.5214892683221197,0.516931034509811,0.539371720284238,0.503028581407744,0.5210037530665421,0.53045601462283,0.49774120476297395,0.5132644374381039
S13,M4,4,0.5137414656082017,0.5151714127465941,0.5048715343195574,0.48972774318003703,0.49016520443969985,0.4837701904751592,0.4891837999562386,0.5039484110157454,0.5159646812118994,0.5230905868372182,0.5238271486208422,0.5129210075152695,0.5088050740165816,0.5111255873532012,0.47830488134290494
S13,M5,5,0.5572499790946424,0.5186450829879273,0.5179184407481637,0.5110996842604809,0.5354596641688885,0.5424142762646904,0.5208359301985016,0.5092967013793167,0.5572831848216527,0.5331224710780025,0.5072961538457276,0.5132530915777039,0.5217751521325629,0.5112647981455651,0.5188659037963362
S13,M6,6,0.49233939372099955,0.5516915697175054,0.5337311590450639,0.5412199783659986,0.5310587777445921,0.5461446193961356,0.5364398141490506,0.536954930026327,0.4785539917502712,0.4695555968019491,0.5120678446181021,0.5450997764832354,0.5255707171597795,0.518437081022197,0.5227575883335411
S13,M7,7,0.509983900572937,0.5297052805282413,0.5231591709801593,0.5376722893519628,0.5287886276310543,0.5127063185983615,0.5234064712123254,0.5356065970670223,0.5044950174381508,0.5391081621679713,0.48766369102489315,0.4667380201482206,0.5121138653481431,0.510261417881644,0.5072651513481269
S14,M1,1,0.5556267783975404,0.5585421343608252,0.494258335678232,0.6037757503210639,0.6153818731093391,0.5628420646636143,0.5676255423925751,0.5731513358373359,0.4405783156305726,0.6749705271395786,0.5969556301932413,0.5240440224434326,0.39279577513146124,0.5748498348730275,0.47096764630081855
S14,M2,2,0.5475131920087575,0.5422126992079856,0.5385721085259035,0.5033081844120735,0.5274779178879456,0.5102113253251803,0.5324486005191097,0.5252767751236774,0.5222281279034551,0.5491281148019855,0.5235956497854293,0.5330315197580001,0.5157226456795112,0.5295455062624589,0.5463131155020863
S14,M3,3,0.5300022455917466,0.5355578751488478,0.5312657694733632,0.5260449845006777,0.543934656039221,0.5046163754868627,0.5302346472678581,0.5082275709251483,0.538221705674137,0.5675843046119259,0.5301814076895355,0.4860738907935086,0.5334813566045008,0.5374636016918648,0.4828334660394443
S14,M4,4,0.5237773227275262,0.5436313992591174,0.5528760753672323,0.5617142906228627,0.5697730505800777,0.5158271493239244,0.5430535007539405,0.5340577918189291,0.5252345871342763,0.5320211675242369,0.5403421732480759,0.537982106967303,0.536826613591532,0.5279770541626124,0.536461953907457
S14,M5,5,0.5457592951819987,0.537703332881377,0.5345035690302324,0.550933851490116,0.5520422914808207,0.546650176379278,0.542697652829949,0.5615186718416572,0.5495494514221807,0.5290842925048855,0.5161223804635939,0.5144423576853717,0.5293063501882689,0.538314505060047,0.5283299653868531
S14,M6,6,0.5099016548813102,0.5345161699778107,0.5267190054085916,0.5437870202852912,0.5655076223127704,0.5416533612893162,0.5519362091310616,0.5469216280507769,0.5481606299676844,0.5018416955627351,0.5426724466763883,0.5357139152405572,0.5559139703513865,0.5762211209417689,0.533860321713484
S14,M7,7,0.5489129701871718,0.5496759244115321,0.516562903635928,0.5118384299623537,0.5134469638451675,0.5460974111506351,0.5866477025910227,0.5264606675675224,0.5331760749805631,0.5337998617664871,0.55230538654489,0.5477994843659152,0.5048670866663139,0.5045526907627889,0.5441917242697685
S17,M1,1,0.42663573781411024,0.47516272966759265,0.4340014891770215,0.5476843237897765,0.5585070056155015,0.4858911491411175,0.5835349980194998,0.5415930365709037,0.42036597185290303,0.5373215714816129,0.565735695703362,0.4574250689730502,0.7065912846357326,0.6068753625070399,0.37669695748788296
S17,M2,2,0.5622015893084684,0.5431072934595447,0.5367256879246591,0.5710599478440933,0.5986227689865803,0.530302768213678,0.5345096873883779,0.5864983442873353,0.5218062817317588,0.5083190287375521,0.5293613734082728,0.4963189886961937,0.5318876603651598,0.5809286977108047,0.5526813818825531
S17,M3,3,0.5476217223174005,0.6052836385418638,0.6246918793154438,0.5742307573294507,0.5232670298765969,0.582352443190025,0.5498883559178994,0.5416558284668194,0.5309284530893297,0.5424242350380226,0.5361229728754242,0.5175224648734215,0.5304576793653155,0.5629976685266245,0.5416351568354584
S17,M4,4,0.5694521326145054,0.5466879285402108,0.5341786665340826,0.5477824159872602,0.5884040328826033,0.521287461654733,0.5321169099087291,0.54545588741638,0.5433897817433481,0.5351694382694047,0.5370515022676451,0.5162866680285159,0.5472475952845446,0.5442673779344728,0.5387014297396577
S17,M5,5,0.5383350306531198,0.5100640665341653,0.5165173999882231,0.5374168026128463,0.5126249961215026,0.5128049806554691,0.5022652358217313,0.5443370950156756,0.5472794617127671,0.5655955063550538,0.5380953976899312,0.5535768937924537,0.5462455846331875,0.5286981828844127,0.486732947643862
S17,M6,6,0.5840318710661049,0.5532713609238422,0.5542808834040287,0.5747053608360668,0.5704579424021732,0.543001068088636,0.5764457880098993,0.5837649038587895,0.5239616598376744,0.51327039779139,0.529219134375665,0.5299451543571528,0.5474304132929788,0.5292827688810827,0.4897696636940899
S17,M7,7,0.5552713204491645,0.5702161095150778,0.5554059085416727,0.5772998352820633,0.5843963132804705,0.5577786287845616,0.5437155913459141,0.5315456446585325,0.527969972172157,0.47670936321406715,0.5031582311769587,0.4852931416022009,0.5111376623416506,0.5346927088676773,0.5466650351587445
S18,M1,1,0.5549791550408796,0.6645110479600951,0.6994436714907201,0.586662625865767,0.5230381037798331,0.6144974089932107,0.6417908949049663,0.5864214031260818,0.5917246183942549,0.5313592726430604,0.49866598845332616,0.5025439347107904,0.5352629115014219,0.6077606982001135,0.5314480447462728
S18,M2,2,0.6138410066869249,0.48861772066109027,0.5232434377325751,0.5172033775307672,0.496616736018627,0.5471188316526356,0.5347667787043864,0.524959764149046,0.5226869216469875,0.5369013144194341,0.5168887153938371,0.5129603212765781,0.5477883069021654,0.550429920807441,0.5599687486072621
S18,M3,3,0.4967778374631179,0.53604333612222,0.5137016734451254,0.49161775983566364,0.5053524169838708,0.5479263873854665,0.5198744323177007,0.5344191955088826,0.5390573751173857,0.5438397177311608,0.49996411070120284,0.5430432080254938,0.5302594611190605,0.55234532097215,0.5300552263611896
S18,M4,4,0.5006837802667955,0.5571964660222035,0.5607467814888548,0.5509526471451159,0.5423481471590537,0.5371119774644895,0.5330775002092726,0.5095395420326705,0.5656690447964161,0.5234038923113774,0.5320917439043524,0.5063924398185587,0.5304502148285462,0.4987584785400073,0.515407701493953
S18,M5,5,0.5121064703317152,0.5493239277841044,0.5605273847961258,0.5495140861936247,0.517014835847647,0.5418278555516359,0.5794513682073643,0.5370680872749325,0.5477486135256491,0.5271934397978928,0.5130581192908871,0.5427658597610552,0.5398977780430256,0.5778938727953786,0.534614086654568
S18,M6,6,0.5042027866983751,0.5634651077456514,0.5291171095919317,0.5364774505620823,0.4981236500511924,0.4816865040286764,0.5159788878823742,0.5159396479644158,0.5065355803562959,0.5349924494388212,0.5124944903522385,0.5290850738633537,0.5206265500494011,0.5471375767398282,0.4995736036602908
S18,M7,7,0.5674288478033345,0.47781367949964215,0.5036357326993699,0.5137104704162633,0.49962954155283523,0.474544671922782,0.5236774859945775,0.49265294426767625,0.5461366418355355,0.508599895488069,0.5443111705245454,0.4989275286630651,0.5343755164761788,0.5005128782305904,0.5330088580806468
S19,M1,1,0.434745413291628,0.42248090030773977,0.5258345113782698,0.5402537733404718,0.4979363764027846,0.5185622810518519,0.48756427328306345,0.5150042259031207,0.725635657869155,0.5246462767676044,0.43152388948358555,0.49741687775713517,0.45950263622472465,0.5931385879104734,0.5953935936567288
S19,M2,2,0.5751232771138378,0.4889204798787096,0.49895022252703436,0.506463351346658,0.5302512582622334,0.5006460584954249,0.5158705654138228,0.4936800803686273,0.4748507073520443,0.566515500340729,0.5754559878883063,0.5330223842350834,0.5052293287241781,0.5563523271529652,0.5606018932053495
S19,M3,3,0.5465371199981945,0.5334283503221359,0.5098532447519605,0.5017805824692442,0.5476987976930653,0.5266561710643506,0.5217411011176691,0.5595687019796219,0.5045251595538177,0.570792564970259,0.5453040114748592,0.5422823135720027,0.5088417908409543,0.5723148488924747,0.5546688963185997
S19,M4,4,0.5355996187587502,0.5318371301048986,0.5176345737806808,0.5536700243767203,0.5267184214606573,0.5019587154744984,0.5194224707473583,0.5123544746283655,0.49664590902366734,0.5992701891569329,0.5640369349260542,0.5380994004058148,0.5278190660655107,0.5368524190045652,0.5355656977403804
S19,M5,5,0.5531355798669153,0.521168404464612,0.517307306275879,0.5390233911105271,0.5362781627809223,0.5316973479224205,0.5458610520096253,0.5243686113533346,0.5292233742420618,0.5264516298727044,0.5465933670328806,0.531539207903236,0.5279039233241277,0.5829182018781008,0.5251477888992041
S19,M6,6,0.504007676532902,0.5624081848608512,0.5563697820520823,0.5846326797160889,0.4745327441609571,0.49787142436059917,0.5043460932242931,0.4451378783601655,0.49649834616166294,0.5619518657044927,0.507218433416335,0.5474548151375549,0.5224177697187502,0.505997693238607,0.5585218125373698
S19,M7,7,0.5188529595840713,0.5545230318457502,0.5453589501888185,0.5204726696992331,0.558803707302788,0.5430376785912732,0.5334290435170184,0.5401873015080417,0.5114276006337873,0.5457104831050547,0.5471698764891072,0.5466572341838478,0.4981423745004049,0.5456434617742885,0.532262910863144
S20,M1,1,0.43089514975824406,0.4996116011811965,0.5371459923364856,0.47680959493818775,0.5857330282126517,0.5085728494102356,0.4850839269399031,0.5269692637343345,0.4216478272571371,0.5911107441233975,0.5451248449532432,0.44720992881536775,0.5702478816949942,0.6181352793886654,0.6240397005006875
S20,M2,2,0.5747640406462935,0.5566394660498778,0.5445491529161869,0.5670211794025348,0.5255332109140421,0.5900975804229,0.562168848482741,0.5441637715802755,0.5462693593901061,0.5473256256167315,0.5372845457370973,0.548347462968931,0.5317394562516394,0.5369866476922429,0.5167259741786167
S20,M3,3,0.5733492162096093,0.5263298232997793,0.5457679592542207,0.570275412997004,0.47105911518109683,0.531429928853431,0.5787075811547192,0.555577314628142,0.5348567064752355,0.5132430247701336,0.5505148132483322,0.5558618863986932,0.541336580638448,0.5850474876033597,0.5493292213109618
S20,M4,4,0.49746486036337545,0.5497341088266261,0.502387488114737,0.518005768527189,0.5315065013773145,0.5340123132939171,0.5320885230783509,0.5454936940973304,0.5173533911307999,0.5021765181624532,0.5482986371262196,0.5484413223398193,0.5285258372071656,0.5604012353595786,0.5538617471761842
S20,M5,5,0.5132702053745721,0.49034861684902814,0.4904119227644104,0.4840854584150701,0.5186695069886841,0.48128945843767595,0.492051513711251,0.5445990188654697,0.5004688630237271,0.5478799784679491,0.509505124679304,0.5308955511993168,0.4947550040900481,0.5388215846344991,0.44713191045190664
S20,M6,6,0.48099689672581275,0.485849812592906,0.5201765624877192,0.5255133580760472,0.5395547097799467,0.5381204063563814,0.5249146131957189,0.5251622010304917,0.5228633756155066,0.5496904145060484,0.5236338012701502,0.5105312005060298,0.5219316891353651,0.5388214062035173,0.5021347587051865
S20,M7,7,0.5435908727954726,0.5054933319962407,0.5228654735649206,0.5052862646055798,0.52558355022397,0.5430041099864018,0.5384583217036034,0.5365672759484813,0.5406229818050352,0.5375483656922297,0.5515866830093243,0.5359502892884909,0.5197851126990026,0.5155259929926304,0.5574280277607856
S22,M1,1,0.5118897255778709,0.46443973013691175,0.46732181694174824,0.4470917925623544,0.6229481411210087,0.5010786444620083,0.48339181367200185,0.463046755429932,0.5261161688205547,0.4518230159783561,0.5307849783774506,0.4828185999017041,0.3373510029203303,0.561005384389533,0.5268048121357912
S22,M2,2,0.5540455012934521,0.5437915936825853,0.5681129554253888,0.5546088011477981,0.5453309048849132,0.5690007776093498,0.5119266371230824,0.5724674403284582,0.5711425458981003,0.5486654193905675,0.5783190846211714,0.48709221943109277,0.5541571941625023,0.5341572578814039,0.5160480442820418
S22,M3,3,0.5035471346777192,0.5639965224897834,0.528689484759017,0.5456981141600578,0.5613615278095614,0.5297080344511006,0.555779330491336,0.5134098264302306,0.5420241017707819,0.5341260199566656,0.5562315495404195,0.5426982219258434,0.50478896245978,0.5291786985208783,0.5137204225424947
S22,M4,4,0.4966101352509747,0.5224563959663197,0.5351730162999666,0.5250834004816202,0.5162374399495477,0.5211902909902244,0.5151821332626403,0.5274233507524146,0.530922502569773,0.5559310826702057,0.5317916301040446,0.5396522880462011,0.4944379217653208,0.5500451194010376,0.5265258776582712
S22,M5,5,0.5255181265774659,0.5463159876572572,0.5075511715833374,0.5078556342274057,0.5170897717833912,0.48702832529861134,0.5514553992276952,0.5023738182754542,0.55283015895457,0.49620508713300077,0.52138319817233,0.5137734797223734,0.5477850354496585,0.5297702394670475,0.5418101225218624
S22,M6,6,0.508245782431845,0.5869987581448607,0.5584464593670603,0.5528599020656422,0.5521722640345303,0.4982725443615104,0.5599708414781118,0.5168741880460772,0.5545568350789418,0.5408087119382706,0.5350321477229074,0.5236015383664719,0.5280317396328055,0.5327483972656057,0.5336433437952606
S22,M7,7,0.5472003762617017,0.5273973538477962,0.5284047124430216,0.5239650131317384,0.5181955133394155,0.5365641413683646,0.5242228115824495,0.5296210134519392,0.5491325076365772,0.5054072196909949,0.5300092620711104,0.5299441468835263,0.5218056622802647,0.5229736509904723,0.5221340891671848
S23,M1,1,0.47353707434181436,0.5470992189655353,0.5797179344608286,0.6252823087857082,0.4412185328732255,0.45083218366914773,0.5622849596832332,0.4343317891027,0.4843184471897247,0.45686397245434746,0.42806359649935505,0.5354322376744601,0.39211938675159985,0.5511212219696379,0.5821823867644548
S23,M2,2,0.5123495923361115,0.5440087368390618,0.5378151277496726,0.5438735096058369,0.5913523713466704,0.5379761911615395,0.5416461193981847,0.5451248780396301,0.5403754096611777,0.5316266764225093,0.554666199595278,0.5424950862204925,0.5540237034310497,0.5290307346479006,0.5033235565051715
S23,M3,3,0.6220294344208274,0.5374369524166906,0.5129739727495088,0.5153786292450114,0.4979274720705561,0.49570816462121214,0.5393508553432607,0.49446893118546187,0.4857816684047801,0.548424941615659,0.5119409757761397,0.53416747520326,0.5388350786675875,0.5246781148452049,0.5156019869056147
S23,M4,4,0.5482534977818083,0.5567027554871092,0.5809421136359714,0.5497478968185021,0.536811272822738,0.5316247858133925,0.5305231010591018,0.5646413806111955,0.5460695431143721,0.5436929799512091,0.5022208186907717,0.570845756569649,0.5597029696070785,0.5407750279664011,0.53460222967202
S23,M5,5,0.47704935038847485,0.5359625112619048,0.533926442988063,0.5314448944349774,0.5267224887785378,0.5481312705661986,0.5080372790172486,0.4955587353863492,0.5037922698321211,0.5062591493501328,0.5323005102852605,0.5001856496157517,0.5385311777950287,0.5058386207202337,0.5064528923330576
S23,M6,6,0.5591960972236611,0.5984401707776701,0.5829916168240835,0.5524427355615691,0.5049717968849944,0.5776233931884203,0.5331057846709117,0.5316860803130091,0.5496728586955262,0.5215399813669082,0.5303928644263463,0.5258517909617237,0.5536947788066715,0.5525636669380412,0.5334283245932027
S23,M7,7,0.5325648007088825,0.5381213151625246,0.5386919301773351,0.5199648222761801,0.5308953213500501,0.5279793417721077,0.5275591023825511,0.5481426843746664,0.534942014505712,0.5117705740996557,0.5021561555540079,0.5160869193968181,0.5609793225626833,0.568061553557176,0.5191044911574006
S25,M1,1,0.5579633630567356,0.45655142000464344,0.648952338530547,0.5592351978181483,0.513488348598747,0.4954687390626242,0.45136454883087673,0.5030562846778128,0.47498082204013264,0.39987569986862576,0.5002033112338349,0.48062931291655314,0.46965532913168234,0.6846501691331276,0.5062547952357994
S25,M2,2,0.5303477952223214,0.45370898777533375,0.5639429394211675,0.5013061353424325,0.5258134744643608,0.4727998998396015,0.5847758730434789,0.48730452546444003,0.5103190389594101,0.4595152507346617,0.5158005567969004,0.5221692950272907,0.5361610044220603,0.5184548204273193,0.5335531204492971
S25,M3,3,0.5324422290402758,0.5354429267593674,0.478226801648393,0.5289858980575991,0.5762292378797575,0.535688133052586,0.5020107418707932,0.4960415434936677,0.5316711708504334,0.5043555213650337,0.5101361630619883,0.435864408099913,0.4777987708166406,0.45474151502340215,0.4548237063538682
S25,M4,4,0.495498777159001,0.5374996032323882,0.5364455657012608,0.44598823737532534,0.5075802943546905,0.5217738331099613,0.5556364978775674,0.5355169541228753,0.48940506604576745,0.49628139908441193,0.5195243772085658,0.5735694584182006,0.538423707955446,0.562557854024778,0.551790314371449
S25,M5,5,0.46271592278803453,0.5272469917626197,0.5348002427922365,0.4970859174368799,0.49355856973527973,0.5229482365341969,0.5840863600418943,0.5658553535062957,0.5684461747379196,0.5004433821728862,0.4730979382476879,0.5305180387991987,0.5635636543673389,0.5498772167759534,0.5547303383168736
S25,M6,6,0.5594446517184533,0.5545398235087862,0.48706058030892124,0.5070437206885903,0.5723722464412111,0.5122040696720959,0.4716263454170441,0.5438863121965303,0.4781560167959478,0.4929797478181963,0.5353841053664913,0.5082993902328482,0.5399808571108676,0.5745099945996912,0.5686863465222365
S25,M7,7,0.5087133460696178,0.5612432754067168,0.5285760961133978,0.5184514829499407,0.5033775568218485,0.5356731910720203,0.5259519103470328,0.5321110009281035,0.5181888611809997,0.5075003697935419,0.5130956615726863,0.5166339329489208,0.5071137429736989,0.5397940007008025,0.5104711329853766
S26,M1,1,0.5535375932125666,0.5697887112061311,0.5713029862224058,0.6293428367496258,0.4610213109558714,0.5761580313285917,0.5579671999435067,0.5422177022116489,0.48404202718683037,0.6942380775894735,0.5736897344692506,0.48795988938837775,0.5316008503228737,0.4555298445972801,0.5338489051117783
S26,M2,2,0.5093551653062922,0.5435000960833171,0.5418171738631682,0.5381564261539814,0.557792907293926,0.543489551234239,0.5451603077990231,0.5224815779130989,0.5643840181026846,0.5316269516961529,0.5528731239944534,0.5008618470464022,0.4756749765851035,0.5339179656625908,0.47025694971420257
S26,M3,3,0.5586294156515974,0.5607348672148396,0.5539873050078838,0.5375511038917267,0.5307545081198963,0.525573120949183,0.5442789651949612,0.5091028040707432,0.473562133356139,0.5648046399763187,0.4920310713065567,0.5278046392445921,0.5029956075717725,0.39615336845057947,0.5561912931527528
S26,M4,4,0.5070735638985697,0.5055077576499107,0.5230151732459672,0.4704896528332216,0.4970087277084693,0.5175816062840197,0.5125639741920593,0.5347378730682666,0.5034790456649632,0.5028277600708796,0.535494038272099,0.5466971737133575,0.5577711773437498,0.4360784268401243,0.5404444826180048
S26,M5,5,0.489012381623111,0.4814249228540718,0.4856728806144175,0.5010988895175846,0.5532980188135239,0.4732557310234273,0.48205749087712524,0.5133476836489511,0.536727588579551,0.5298984332849888,0.5149382114184256,0.5118933314281684,0.5023914432516929,0.5533089183751866,0.537300837861035
S26,M6,6,0.5400637820646416,0.5418747885956504,0.5121087906579198,0.5263487059027401,0.5350425288041271,0.5261318664630427,0.5200318830582653,0.5073071300002416,0.5141464959015406,0.5516871464871818,0.51118060490429,0.5216659824212414,0.47635533395910423,0.4992341221452351,0.5209380500913829
S26,M7,7,0.5704602853100381,0.5700442685681946,0.551698455246498,0.5337325450521043,0.47825180676525375,0.5335263235186181,0.5281068245410141,0.5438323803560792,0.5414917364461327,0.5835263389948135,0.5915515528034112,0.5280038257079844,0.5313557138111267,0.48296525949214175,0.5558016057622615
S27,M1,1,0.5928771568724034,0.5256348728115888,0.5350312788176085,0.5329914279315123,0.5236883395954365,0.4450794454136627,0.5339434496049762,0.6512359103040292,0.5725719406014855,0.5196842820304229,0.4975455536687927,0.5189609448878785,0.543822475441683,0.6126291933265864,0.5463213929174912
S27,M2,2,0.5113230720147375,0.543865365111697,0.5746050627733228,0.5465957351038986,0.5192399930560733,0.5529147942034041,0.5150704572187166,0.5344270621613646,0.5667747375315124,0.5456029155804926,0.5478201216294656,0.5438832712555914,0.5395107679984934,0.5378944689890413,0.5149403027520696
S27,M3,3,0.55113856867603,0.511857512500756,0.5104426410187315,0.5152579460807292,0.5468961870675374,0.5511987704419953,0.5201986597504058,0.5625990577297528,0.49451109828900136,0.5313551829390633,0.5485703330315206,0.5299043597064641,0.5434934705568236,0.5232121686627689,0.5328763591335374
S27,M4,4,0.5213752619111609,0.538737298781105,0.566559772179325,0.5600100628010575,0.53577303963796,0.5401738343402448,0.5347206029838872,0.5212448339363416,0.525458871855448,0.5621594876403097,0.4941647217722453,0.5004310757761111,0.5386313770424458,0.5400351416008332,0.5625982702472905
S27,M5,5,0.5284524575862757,0.5148035045568303,0.5236904974982124,0.5443752589049395,0.519987429298536,0.5184865434904855,0.4883053323624317,0.4818326286202931,0.5372181250585751,0.5521074356857367,0.5299223911901285,0.5291122777842856,0.5250456640094916,0.5027822522830155,0.5124258815744789
S27,M6,6,0.5774007313965248,0.5024796392248618,0.5219572293929969,0.555531091009366,0.5426269794205374,0.5531305774921429,0.5393713262330172,0.5283221497125122,0.5240333943377629,0.5310591328173615,0.5334284763137994,0.5286789298148373,0.5484580036350971,0.5290111418740036,0.5528859641525068
S27,M7,7,0.49734112976448586,0.5166709506606837,0.5873510629849211,0.5580476583505684,0.5635838481074964,0.5842609407102656,0.5400340588483827,0.5141453853367632,0.5461241330239852,0.5281186544475284,0.5254593501472977,0.5145017914509293,0.5115208476172131,0.49869344459151455,0.5191448518883321
S28,M1,1,0.5815633319119763,0.5417410498777429,0.5681859793045169,0.5866381907408118,0.3293812116001937,0.2992298187293753,0.5749109570949379,0.6255801230499886,0.35144264266830383,0.3517476076767562,0.4089096403729557,0.5925342649073695,0.3862428018611436,0.5967752209104045,0.5955121765685412
S28,M2,2,0.5792096070887031,0.5588461455054042,0.5745208950013284,0.5763071274175168,0.5734825818016859,0.5362128973765025,0.5435518576503664,0.5826934215032791,0.5063625295708386,0.5328251168513158,0.5118089797745867,0.5299096708383793,0.5366596262793902,0.5590164598476277,0.5521657092466886
S28,M3,3,0.5679840339150006,0.514196809239811,0.5714857584521394,0.5577943992108247,0.5249335195819224,0.4941773610142837,0.5215839011226886,0.5040199648319537,0.481329451744255,0.5075300873893124,0.5190754229166442,0.521726053549145,0.5249342759135863,0.4943985215153135,0.5790609493355678
S28,M4,4,0.5720862037050287,0.5658029423641949,0.5776097451990243,0.5529575391602094,0.4952673673013244,0.49081574398829736,0.5674047959845583,0.5492196675061009,0.5155847371238529,0.49365714404287464,0.5498171925258128,0.5505430875815196,0.5584154613813056,0.5271633521422133,0.5345859457305682
S28,M5,5,0.5947219721336734,0.5825973034506047,0.5552739820489446,0.5433771387651303,0.5344014357030679,0.5402112522802274,0.569143558461164,0.573620328984269,0.523756499058784,0.5704383136946142,0.5830133267758006,0.5388007943642481,0.5749351327399248,0.5370364993871907,0.5649299938070423
S28,M6,6,0.5794280919607812,0.564818067717529,0.5692992107010069,0.5677896005033308,0.5407225631157536,0.5085388759574049,0.5687094702717546,0.5506741338954138,0.5154391851294962,0.5320082394473631,0.5413500579443926,0.5448166281390936,0.49689425120439423,0.5221289882187486,0.550067699844764
S28,M7,7,0.5547773664756932,0.5415297786904727,0.5091782356126029,0.537051594070871,0.5035468635598717,0.4651719201192943,0.48259953025597263,0.5371997754457276,0.46060467452195636,0.4982987984696788,0.557435313893043,0.5387702992499721,0.4869651710497379,0.5386734260997214,0.5438471199349231
S29,M1,1,0.5248293622427509,0.581773713691904,0.5099400668746845,0.5520689958707812,0.5837136260122023,0.5323821625830631,0.4916041078563341,0.5113193810301085,0.31888583645786583,0.5329310656621996,0.5797956389275807,0.5182739138915485,0.5061561508023849,0.5043563926877496,0.5427592526744616
S29,M2,2,0.511708660463632,0.483104043939414,0.48513098403383115,0.47727739030436156,0.4903983900185554,0.5133318634990633,0.49034703315076944,0.5383126769767209,0.5360687697343335,0.5144692229910806,0.48771719050354506,0.4980860855275774,0.4917272605314641,0.5381661060018421,0.5060332788550789
S29,M3,3,0.5906876237888821,0.5412491727893827,0.5537223352667626,0.5692838030288034,0.5392217882866497,0.5532694452698055,0.5699916157400642,0.5403112171177937,0.4185785628152422,0.5611401573013748,0.5542252647355379,0.5563613090598825,0.5655132391894523,0.5093221572172724,0.5326515809664761
S29,M4,4,0.5324004928420626,0.5373925000362133,0.5065541384888176,0.49989862897849174,0.499332283903333,0.5428406361335679,0.49924608380841373,0.535284019623021,0.5494088942691697,0.5194041063417958,0.5058469198586523,0.5195718650333065,0.5011821032583612,0.5484559641005611,0.515993672142192
S29,M5,5,0.5180805234965448,0.5434399408395363,0.5109188991431175,0.5211066737319324,0.5414952533434678,0.5136613481712393,0.5159745272876731,0.5160770325930623,0.50269491961046,0.5466935914626353,0.5307171589843265,0.5174129735269648,0.51761148088458,0.5699112493770639,0.5240607144044418
S29,M6,6,0.5425121900527337,0.5303897982103958,0.5418940435724968,0.5357308928280891,0.5252613571307652,0.5343323026360779,0.5452000379817455,0.5605617957565338,0.5128169037776998,0.5195832271468835,0.5143336831837946,0.5269153526800792,0.5258254383299521,0.495591106818169,0.535872499625707
S29,M7,7,0.5238779037498519,0.5081388592819154,0.534712448804844,0.5257100759664944,0.5351875998943533,0.5249604205427453,0.5192899412618743,0.5379945086585455,0.4920092618400512,0.5376423685667164,0.5162167779674615,0.5280005721298576,0.5342962839888454,0.5198511336849876,0.535940699984941
S3,M1,1,0.642221038256797,0.4283485719135008,0.617107724230557,0.6671475016042739,0.5965108026745857,0.40696898221606187,0.5951218895113106,0.47933395390619205,0.5812483920698508,0.6413893179298313,0.5620049959229306,0.5360782967356186,0.46912856239323003,0.6429145694554634,0.582895262760157
S3,M2,2,0.5171754251366737,0.5059784130217214,0.5313743137138963,0.5123704109257801,0.5469432232538267,0.4846489606020941,0.5484363868537392,0.4886738217487724,0.5375059686115128,0.5208621165229566,0.5357429023695583,0.5141396692773772,0.5179323879795298,0.5383677884449123,0.5265068962479769
S3,M3,3,0.5284700686121927,0.561057205085259,0.5331277852755513,0.5246723761862501,0.5362263375876973,0.5594561981889982,0.5550214042478018,0.4938407946100002,0.5124076189933483,0.557213422194193,0.5228953617041919,0.49429546236509114,0.5228606887076808,0.5246424775107449,0.560609531143622
S3,M4,4,0.4878851965182845,0.5587056934561152,0.5296823827104807,0.5226260703352676,0.535578925533943,0.5451048620685317,0.5576967552008445,0.5230416779869078,0.6159949985303066,0.5829355820117621,0.5361612576054717,0.5142533530191472,0.5114802012955224,0.55135302399775,0.5461549661520465
S3,M5,5,0.5083444344110195,0.5465226515656845,0.5766846304619621,0.5031463465617922,0.5391997369305516,0.5190905428169327,0.5908741167852384,0.498603401376461,0.5173977928259028,0.5133741049733411,0.5547945462893634,0.5340296492917269,0.5400148278066498,0.5509027591692974,0.4952064299156021
S3,M6,6,0.5303788071913735,0.5362781574498655,0.525476345521775,0.5015536995850381,0.5255649209677985,0.5269631979013452,0.5001201394723888,0.528669338589502,0.5096320675408579,0.5077726269601259,0.4941790868435487,0.5084515309480822,0.5271049556964438,0.5402238833250802,0.5427225783296429
S3,M7,7,0.5188610003248931,0.5455885266452984,0.5694710269994132,0.5377978195612649,0.49206136577624704,0.5755909417651505,0.5745946193472462,0.5837298969991173,0.5044030038223039,0.5289579058433745,0.5477283916603106,0.5170277120996086,0.5383684477659363,0.5493333449760266,0.5449998653805735
S30,M1,1,0.37181171838458804,0.3560766742512066,0.40857104766523744,0.3163022100221926,0.38768803109597744,0.4597573578068654,0.45207224713615074,0.48199931083499903,0.5552676906974988,0.4678286435346735,0.5688911464535955,0.5543451237778413,0.5689127131435546,0.45381568288411134,0.4244991965471094
S30,M2,2,0.5356668569889236,0.5488857745123205,0.5707981417440093,0.5189543660810336,0.49770461784205733,0.525373814467563,0.5196440264457195,0.5366249641720726,0.5409977386944306,0.4903841737521173,0.5558224696537086,0.5424249267882053,0.5215802222682054,0.5345590107437992,0.502015030206871
S30,M3,3,0.5145953820455583,0.5422978518570115,0.5403864400427743,0.5430545772792669,0.5244695685195097,0.5539917972381632,0.5441367164103921,0.535571137250792,0.5365221981622611,0.5102104859365294,0.5718250916933297,0.5646055036172137,0.5502581823183339,0.5638247673628752,0.47951091446638366
S30,M4,4,0.5140138532426535,0.5211499415056972,0.4695632136422801,0.523589878176715,0.5007442912544607,0.5208448491572062,0.4899146508952158,0.4821748377223155,0.46784164049106003,0.4852528992950611,0.5253053717019831,0.4699047778201506,0.5179809510106734,0.49759046941800333,0.5087042346063577
S30,M5,5,0.49857548600665635,0.49524778748925435,0.49429839936372294,0.4805847571443653,0.4363392775126186,0.5022419812412077,0.4822751937718902,0.4977832899802353,0.46984913213050705,0.5258111977628294,0.581198794432209,0.4680261133531759,0.5249321738756945,0.5465826815609083,0.533418294809752
S30,M6,6,0.5142607209796383,0.5101104941468739,0.5362802709682497,0.5335742197180566,0.5240132437241257,0.5494179859809268,0.5198019730423206,0.5607010940836649,0.5152695071780051,0.5134359982399197,0.5645245041253414,0.5449758854691193,0.5242685329061143,0.5135883404245701,0.5146058199639721
S30,M7,7,0.5277825004534626,0.5269738271454212,0.528957487372961,0.5432257429967817,0.5262987136373324,0.5490044523674906,0.5535835094292282,0.5271980517062697,0.5254778517008384,0.4939804125775236,0.5275020311623912,0.5333208361440216,0.5334430744764598,0.5543527641063148,0.4463225310681304
S31,M1,1,0.6744580631969089,0.5168073953031708,0.5746472712044518,0.5258336973740673,0.4816631785358439,0.5983126477508125,0.5679055425771433,0.5700283952333333,0.5701084383479148,0.3314787372124223,0.3832869712907826,0.4286695245234107,0.4609257780875967,0.45191037618425073,0.5010129877842706
S31,M2,2,0.5012335535170444,0.534376196982931,0.5287324913448597,0.5279941752488322,0.5194764813398184,0.5216389757927115,0.545340353312549,0.5764194858528594,0.4818129654750657,0.529369392873827,0.5396094951252489,0.5192867458026876,0.5338440215763813,0.5310135700871212,0.5189078301295368
S31,M3,3,0.5560016087107945,0.5537752384157768,0.5226010000163084,0.5289982244372761,0.5201131150835459,0.5274467732188055,0.5533504080740681,0.5528605241480696,0.5642594068506835,0.5191229957672332,0.5306113947392226,0.5412111072015386,0.5269329595377431,0.51318941564392,0.5185522704221226
S31,M4,4,0.5311320407202658,0.5011830877246758,0.4788105689249999,0.49676629185452814,0.4915794943505743,0.4853609568682873,0.4772044936380203,0.49867438881259557,0.49162995736770343,0.48974150332449423,0.4749462033857717,0.5214818207579579,0.5039108535627835,0.49030810426165594,0.5008273113316463
S31,M5,5,0.5256838465736029,0.533256218152303,0.5542035295638748,0.5426261233153575,0.5451824858586181,0.5267185899180338,0.5185805121587006,0.5362417793897787,0.488806009711409,0.5905629764564105,0.5151513159361529,0.49419616219359036,0.5218229898313212,0.5328614272381839,0.5257751267552316
S31,M6,6,0.5215044819357303,0.5247252348134971,0.5442690520443682,0.5465424954367747,0.5453594196753796,0.5266170349929522,0.5066523029174056,0.5184340819489991,0.5649322434133353,0.5047981997572029,0.5218639659748471,0.5327466600637111,0.5005333918030264,0.5044735838559686,0.5052400941666655
S31,M7,7,0.5621817696422596,0.5559229171708437,0.5603383080897599,0.5623213889512233,0.5677449436378489,0.5376530896550235,0.5318467612272842,0.5502512974077234,0.4993924008385206,0.5412610009933823,0.5169047916779468,0.5275707233673754,0.5284119487631577,0.5531550604810495,0.5422295951514473
S33,M1,1,0.5716242413694714,0.5423145182810722,0.5604329221417278,0.6274191930167002,0.5068734576570865,0.5412367331929616,0.5441194276856978,0.5600990769388964,0.4171035770889067,0.5205353621439797,0.5340271288717651,0.5370476591756779,0.5454748879426832,0.5723711146227635,0.4252725681043751
S33,M2,2,0.5171523581066007,0.49991162295200214,0.5380844665546626,0.5748952329664443,0.5149865300650665,0.5513125451229546,0.5632736972249452,0.5485953077048096,0.5117751468753623,0.5323010456714253,0.554876705642833,0.5437808026259159,0.5439121625829432,0.5449913847742549,0.5326659880227751
S33,M3,3,0.5332516382584207,0.5640000207981987,0.5164550588266904,0.5310763503078665,0.5266561416362524,0.5058711217883538,0.49720280185425825,0.49287351542211316,0.5160619245421205,0.5169753883133696,0.48935989653906287,0.4979096563756877,0.4935950699348595,0.4958317412603776,0.5481743685604454
S33,M4,4,0.4967941163254278,0.5040258295291704,0.5059445332724724,0.5260911654196262,0.5455383216125258,0.5031092585457715,0.5357903878622474,0.5080979305137332,0.5537925835134727,0.513366623542443,0.49887998243031717,0.4908086865171703,0.5336645525607653,0.49475203610210833,0.5055290219841668
S33,M5,5,0.523869406872282,0.531531283477532,0.5259603587123312,0.5464606582055427,0.5254637568077408,0.48381742570251146,0.5179878689736379,0.46222221612881115,0.49037184642549747,0.4981918596333914,0.5375562786009168,0.5312409207360392,0.5171449711670517,0.5004575327937354,0.5111844625171198
S33,M6,6,0.5009334796131496,0.47904282537615883,0.5290742434904574,0.5514952164227038,0.520590148555561,0.5077749443822667,0.4834997109485214,0.5005828945678217,0.5050532734643381,0.5140459452467618,0.5168080173751591,0.5231250190789144,0.5484202709310437,0.5226754766003257,0.5312068084103096
S33,M7,7,0.5756187407362062,0.5245048326404038,0.56826855511134,0.5760999281962284,0.5611570363711006,0.5522853942667613,0.5322935544624399,0.5072594043619727,0.5476249415166115,0.5225631671817086,0.5453315897176001,0.5043756655626526,0.5162913161405541,0.5139972118434916,0.5290048519609732
S34,M1,1,0.49484104937660056,0.5298809811050059,0.4597921883658577,0.5273684798418501,0.5033471649803526,0.5412721818742044,0.5477291393330641,0.4434394879080219,0.5481577825039754,0.5858759321862009,0.44569267292624815,0.5320584617284712,0.5411547718801027,0.5471333080414255,0.4554814885781302
S34,M2,2,0.4638596736127532,0.5006795750144193,0.5357359431516203,0.45341765551172364,0.5033235060883383,0.5336807930682417,0.5270651158594275,0.5138011299705971,0.46393305753972686,0.5734199265513278,0.4994206323839408,0.5519719205576232,0.5115265376598263,0.5456769867768616,0.4519234701141329
S34,M3,3,0.5346159173806029,0.5219386243345813,0.511867856989398,0.47197853608041457,0.4615237609714614,0.4911812926051441,0.4850102479258537,0.4769846637715709,0.5645999213700338,0.5011325536696922,0.5314898443318631,0.5287152376878214,0.4939096982292031,0.5134533886133136,0.4716694977410472
S34,M4,4,0.5359628255128149,0.5335228394313352,0.5218586329884916,0.5261274346641609,0.5544808108536746,0.47718264068020594,0.48511628883919844,0.499723477998137,0.515329367496476,0.5082462381318118,0.5420744505727917,0.5102140191043689,0.4171403578319284,0.5146867439117141,0.5199483440044377
S34,M5,5,0.5597207047478684,0.46576998894073984,0.4241074144060367,0.47693420228193223,0.5229570995351066,0.4316709147485428,0.4284105957412575,0.4713518889342526,0.4724630031773822,0.5303136031645037,0.48890835908464975,0.5243949222835763,0.5067211042727842,0.5453501873629422,0.45703079475954267
S34,M6,6,0.47066662172398327,0.5063156794823035,0.4526870233816732,0.5184005484813812,0.5231816511408882,0.47150556560227913,0.5172610816596055,0.5323877378556021,0.48257223629837576,0.5564287344963756,0.49972728455891413,0.5846428277459135,0.5076627094753466,0.5544627630887307,0.48799072279049627
S34,M7,7,0.4922415656170501,0.4963471256928975,0.4750979199675462,0.5314001131292712,0.492435124923084,0.5240110196120031,0.5247738998040158,0.5178936620053369,0.47208820497607434,0.5082244834998728,0.4680270179769771,0.5245612664615392,0.5146991258844775,0.5126315233013009,0.4721993369869454
S35,M1,1,0.5357439467067786,0.6119295324165904,0.5148715395459375,0.5083873759603813,0.5582728674210299,0.511001651575265,0.6088240612799086,0.6063620707408202,0.5080208837616279,0.552967842809181,0.5806625035345441,0.599710250546127,0.40600812970460226,0.6018706769186275,0.5920121042093623
S35,M2,2,0.496682325205445,0.4803002509032431,0.48856883754665625,0.49649280478563257,0.4856103321368389,0.5555948143086926,0.48355001501393435,0.4833860212519029,0.5349613934005278,0.4741527030426272,0.5134485302787138,0.5089506416072909,0.5549668795377627,0.5332417249820922,0.5183612072937317
S35,M3,3,0.5134984816277084,0.5128401255151573,0.5191027569642833,0.5058726831489102,0.5000356091378408,0.48252490474193654,0.5171400795909926,0.501710721007725,0.5394472578805367,0.5323468986567775,0.5291854408131667,0.5955781530277796,0.5376735064248267,0.5155678124196683,0.5745785429423765
S35,M4,4,0.4988694333833538,0.5330540844219696,0.529017495408542,0.5281135828490907,0.5223788060237208,0.4740222690436591,0.5213789623930072,0.5251679332064381,0.5073133885468518,0.5101705177408411,0.5326141471267177,0.5079409262019359,0.5153777403743242,0.5385969650839479,0.5221753993750509
S35,M5,5,0.5106063980965034,0.5778066171284915,0.5892656459385167,0.5812505188551016,0.5810638640044342,0.49323918236740666,0.5739793953808298,0.5435412436185809,0.4956608076485427,0.5189685242344574,0.5183218747208687,0.513240164680447,0.44658604806077157,0.5208399382231774,0.49220373318514155
S35,M6,6,0.5687244397112395,0.5343108847601902,0.5465018219495682,0.5245706816475982,0.5393341073235316,0.5176439002590592,0.5537523099441161,0.5202953910378796,0.5440809984168636,0.5498370428367492,0.5467725026236163,0.4813471101856154,0.4718458932745614,0.5139261445287843,0.5483586627041511
S35,M7,7,0.4946670709437703,0.5556414668598493,0.5608443385808112,0.5589038404039349,0.5511720305191894,0.6077175663977488,0.5539901969851956,0.555498194083342,0.5267145581351873,0.5334737624999732,0.5054444679864338,0.5290580448184565,0.48803353164360425,0.5198297334447407,0.537533371355843
S37,M1,1,0.4089044957224829,0.5919700236539711,0.5992088536245388,0.4350784870543629,0.4080515666597447,0.42729534492516164,0.45765808634028476,0.5726471553240607,0.4502118785022451,0.5712181314151001,0.42419022971050757,0.5588514266538552,0.41496658414967097,0.3799568925159922,0.4785237056527507
S37,M2,2,0.5332528569444145,0.5220109498544548,0.5161472813768756,0.532336346266249,0.5785141906397943,0.5637821577291133,0.522864492432725,0.5503822993179419,0.5210720833342373,0.5236942122312407,0.5258390952256461,0.5648057021365974,0.5388432267787062,0.485445331022864,0.5262264684905923
S37,M3,3,0.5328090535244453,0.5571196756446387,0.5025842125525575,0.5257347265783725,0.5159836877234922,0.5366136973767571,0.5424427082875936,0.5627552851846026,0.5214112032273637,0.5877137949334033,0.5202165054375366,0.5248142305235024,0.4878553859283117,0.43840900217223966,0.5026190684905429
S37,M4,4,0.5094989296217834,0.5192088003652244,0.5032719027769298,0.5223478992158728,0.5150629714502026,0.5004131484183063,0.4939791110209228,0.5162338075996187,0.523072620485055,0.5301511878399635,0.5247063766133834,0.5347717568290224,0.4423069760288129,0.4406983126470774,0.4901592953500081
S37,M5,5,0.49720720234411225,0.5044065421967546,0.5610024092594443,0.5268350434544825,0.5373754818127668,0.49529501526078923,0.530194538520931,0.5439217153289954,0.5342984410692905,0.5415797289586453,0.5254939111301196,0.5345564407326604,0.5516919651908845,0.43548115474810734,0.529911552347318
S37,M6,6,0.5237529553601451,0.5100545369191705,0.5786713164445391,0.5048984911926979,0.5057478776309428,0.5380559484944218,0.5416069267429263,0.5014583610455601,0.5240174184488737,0.5397783437250868,0.5056486882163513,0.5408005072300254,0.53541995396087,0.4592361155582136,0.526231220547269
S37,M7,7,0.5008025281288818,0.5459781899386681,0.5600766205580826,0.5400490806990101,0.4951164530581371,0.5055260646985943,0.5475724464334722,0.5700498168396092,0.5471256025656587,0.5136138205514179,0.5114544337225464,0.5184519440510361,0.46952235192261654,0.4706782608908207,0.51951544837742
S39,M1,1,0.5942529167745783,0.582161367457743,0.5173054215874433,0.5352407611166348,0.5703452743680075,0.5864548686091748,0.5312505789593707,0.5531612477808545,0.6176779941924185,0.5144318269561172,0.5820800070608724,0.5395402330997012,0.5360601448623002,0.5132219535821346,0.6137808586788079
S39,M2,2,0.5188578239389784,0.5203425017536601,0.5392078461475304,0.5171552641127233,0.5011258353927083,0.5390024536996265,0.5244619069773314,0.5393356194081079,0.45853418747645575,0.5381281560516711,0.5184055893834953,0.5059283711139619,0.5415640847796851,0.5077828894440668,0.5367056474452713
S39,M3,3,0.5508439296255263,0.5326466762263786,0.5244058579222637,0.5584870938698833,0.5214413099398876,0.544846666661909,0.541867060511874,0.5429640276010824,0.5188431300815444,0.5282848509083544,0.5295708159268692,0.5346926233498509,0.5439136867626335,0.5365841208566499,0.5334115546995462
S39,M4,4,0.5191217184364151,0.5370472347407679,0.5481862798705076,0.5466973998256068,0.5414975873584347,0.5570276463932758,0.5377705978833435,0.5313309258487016,0.5549278270342153,0.5236125242464591,0.5397892371823988,0.5250170839932109,0.4734740091418012,0.5227287513532285,0.5162268025577038
S39,M5,5,0.5584078484020154,0.5068233210075134,0.5361329020386436,0.5055630221787374,0.4820381254841338,0.5030057440833308,0.48431421326546786,0.5063754658067217,0.5943695736667169,0.5459770183892474,0.5193373769199435,0.5352186591364236,0.5024942506925066,0.5103558866505816,0.5043610442278089
S39,M6,6,0.5820496434759135,0.5442548128079902,0.5323809142000651,0.5238215241338142,0.5170840877364486,0.5237260876811021,0.5233585329158751,0.5164982114510625,0.5014527392376158,0.5141144382470018,0.5113136709416206,0.5420742958725367,0.5676728991051986,0.5227427596251246,0.5471269288420053
S39,M7,7,0.5294777609333439,0.5351367109713683,0.5387831255592768,0.5635005050366488,0.5374245230233632,0.5189708856551798,0.5418943234074275,0.5195545102656411,0.5251949918309509,0.5169804351455307,0.5497491259141283,0.5503875989145512,0.5266817616308141,0.5068959031541054,0.5385371486184118
S4,M1,1,0.3064131380412668,0.546104346062333,0.47219007925054424,0.5481357971007662,0.5133175204168259,0.4847113607164609,0.44552221289358884,0.4156377472550055,0.2667336997875041,0.2570130274265085,0.5407392374393315,0.26751015385404675,0.5270668900473298,0.5577176169278591,0.4006133898549392
S4,M2,2,0.5347884984714094,0.5016644705153143,0.5149610971475301,0.5172335183387238,0.5358702173688499,0.5097045267048838,0.5418826866997623,0.524504030973838,0.4926920212153706,0.5230903586554388,0.5807569620752565,0.5469911528316707,0.5107332938788558,0.5289395662445774,0.5328757405447637
S4,M3,3,0.5008963685445729,0.539072665007646,0.5508492578922053,0.5465714439672922,0.5325370738666371,0.5253026684651311,0.5391096630380813,0.5236770486907748,0.5316804995128033,0.4955260215343797,0.5761652096609787,0.5478971887227828,0.5532502768798719,0.5511411650507526,0.5253663186967769
S4,M4,4,0.4914566760230958,0.5244129696457541,0.523670401810967,0.5088551511705844,0.5188268490399677,0.5072501253354286,0.5197421843930615,0.5133684254776318,0.4135482734103741,0.505688743614568,0.5614993438475386,0.5507972740923643,0.5269326392242046,0.5224592579163858,0.547142596652616
S4,M5,5,0.5236319061841067,0.5269903055452639,0.514930378204839,0.5356517729612419,0.5584966083192036,0.4901526781608019,0.5312928568279813,0.5052148137744015,0.5096267224567563,0.5419298297035015,0.6085691477330709,0.5350211714854073,0.5157295181569426,0.524175794575198,0.5262827495215585
S4,M6,6,0.4644895149869674,0.5246958606893741,0.5292815145567896,0.5183158571761074,0.5213806812978684,0.5273335387642132,0.5265354474261132,0.49083970696574086,0.5467580826166463,0.5146653311041292,0.48975257202287314,0.533799877850921,0.5073482844188271,0.5270051414728785,0.5292649955059163
S4,M7,7,0.4698903226136295,0.5077666117368793,0.5420155592361059,0.5280157642516929,0.5249066075209841,0.500090861660057,0.5208329537315047,0.5173018770402024,0.5334194990185619,0.5157448116036406,0.5163080649572127,0.5187090059009675,0.4972929191152941,0.4984823185990773,0.5328883542164209
S40,M1,1,0.6129386366208669,0.5432840630158394,0.38129282814417353,0.43025910853655075,0.4072097749573694,0.5304247459935564,0.37902824815984026,0.48755769135206134,0.45893118010088285,0.7554499944521778,0.501722771703795,0.37741056672379797,0.44902046303220716,0.43996144709785684,0.49778394386725816
S40,M2,2,0.5066341485704933,0.5756644567114864,0.467417588817867,0.4814374165017064,0.5342553015918164,0.5605240380535679,0.5426863742995781,0.49348897776437345,0.5335762821456139,0.4905616533107436,0.5998145742698362,0.5337589138865091,0.5297298455699686,0.5391117804190542,0.5095231238601383
S40,M3,3,0.5361549341486398,0.6162154700674156,0.6042187275676631,0.41455367501059887,0.5386257570261128,0.6226591345505484,0.5130671460728035,0.5352289595173618,0.5338378344859508,0.5020485830274111,0.5206365077265654,0.5158362808200394,0.47922680952514957,0.5458029243585054,0.5508143317411882
S40,M4,4,0.5068398480951243,0.5874726372055464,0.5531837880678296,0.5094220451096562,0.501904261580213,0.5529491451848764,0.49490122854634844,0.4898318991193638,0.512354020553795,0.546956826054269,0.5633016952680239,0.46702393717771623,0.5772303182880559,0.5343429120610867,0.47072595170252196
S40,M5,5,0.5399980085839996,0.5198799752753072,0.5241407374559921,0.5442338637882236,0.5355623620844869,0.4960791338267579,0.5400813397256311,0.5166486446414323,0.5000142106311098,0.5147983839695881,0.49095533794607854,0.5257150523406569,0.533580684115809,0.46706942526228507,0.48800127915779107
S40,M6,6,0.5653391067091242,0.5048990162733107,0.5035652482479998,0.5276730949597946,0.5165233639882708,0.5195982341393373,0.45315843472811623,0.5439432789194732,0.5204299044520445,0.5880002479035886,0.5361264218649091,0.477211897991184,0.4983120530483805,0.5921212253680135,0.5457797640889195
S40,M7,7,0.534642290811901,0.5147492137057024,0.5097322993459134,0.5333678842663446,0.5243286162236515,0.549322743114667,0.5413891402269113,0.5907113546710324,0.5093200242035607,0.4734275638050643,0.54082622258351,0.517662820952393,0.5053814275101274,0.4607601758350704,0.5517148411092239
S41,M1,1,0.5351931021376035,0.46868342036960753,0.5507140924081331,0.5445203298155328,0.558174814684361,0.48044655214656706,0.44280767410628075,0.5269452017597015,0.4958535706453499,0.517835386041695,0.5387536331790179,0.49620442759730393,0.5605590384497922,0.5298965916218562,0.5920393457261582
S41,M2,2,0.5125978462452145,0.5465761985810775,0.48824454438336423,0.5058967418070849,0.5064043293808097,0.5073535675992381,0.5059843291308963,0.5390608190226068,0.5477029540892799,0.5410175481761881,0.5507415586212384,0.5459921110625491,0.5163875086235976,0.5356424924157054,0.5117532063811998
S41,M3,3,0.5223486303376369,0.5480937910186177,0.553768451385435,0.5507639680340415,0.5498217879385596,0.5443603989746967,0.5257185638314732,0.5153698953377788,0.48938049031357844,0.5137909887985181,0.5314054777571022,0.5182203500324181,0.5184212678014274,0.5140772177052157,0.5276014325707484
S41,M4,4,0.5407487787397306,0.5189336431262088,0.4735568558830566,0.5327826009760381,0.5210267435820076,0.5346012457416912,0.5307068886400186,0.5382926976264468,0.5131788751831765,0.5025815275219521,0.5510893798670511,0.5208840673665508,0.4943611430856267,0.5306905610452952,0.49367406338486
S41,M5,5,0.5160406457201665,0.543482804480647,0.5533650763341305,0.5567720682159603,0.55203650372876,0.5340372545373612,0.5442451093654135,0.553091417608488,0.5351384383865001,0.5149232353894488,0.5167118628005257,0.5474856068585043,0.5266592682577041,0.5340966705777481,0.5565641322568702
S41,M6,6,0.5836203789220396,0.5618964471593915,0.5551026976696913,0.573399384931431,0.5799546352441302,0.5219025643591336,0.5143670462198766,0.5166470939728699,0.5495881423351855,0.5502858678441757,0.5438133771217833,0.53960517760974,0.5631156644604749,0.5347877062325963,0.5364308047602846
S41,M7,7,0.5157609569845639,0.5253532258211409,0.5429979414520284,0.5012986752430308,0.5274422836478576,0.5268837249221964,0.5009417809373382,0.4837797853799749,0.529675424411968,0.5039714192902351,0.5327258363694771,0.5176258391284863,0.4635985450213999,0.518736741092668,0.5377353305662631
S43,M1,1,0.5487184923467425,0.4161220744660702,0.4350546031798991,0.4709465227804575,0.5609404589515076,0.5218558464102044,0.5269176586712355,0.45266791231515063,0.5441745388230279,0.5253579375821791,0.49952672407860726,0.45901761750371417,0.4575199768859109,0.5693616538556056,0.5905609542631902
S43,M2,2,0.5131020127915745,0.5384768925459118,0.541413887622409,0.5557124812666044,0.5539688058990448,0.5427870966252756,0.5405585412580838,0.55167511685054,0.5516924434970668,0.510767923141358,0.54224622474405,0.5737976403827105,0.5360630796730383,0.560574026512463,0.5755052191149966
S43,M3,3,0.5633759275891633,0.5344301961517408,0.5020425003717772,0.4391443091964997,0.44181363115627936,0.5289477100515476,0.5006618621211374,0.5152770884983833,0.5116878456030496,0.5454842242285538,0.5340993737906523,0.5342790414597788,0.5415789011037113,0.5322241277605023,0.5470280188910086
S43,M4,4,0.5207185780065935,0.5376976368148252,0.5754530322851148,0.5656142324600724,0.5731471073637406,0.5402586214079828,0.5697113773922929,0.6045074720070238,0.5636059980037746,0.5382335960449693,0.5615945325645051,0.5591174532905636,0.5275262828264463,0.5655541706518704,0.5793078701711065
S43,M5,5,0.5600543570751663,0.5824423169860736,0.5805654019937683,0.5785592167806619,0.560427406414977,0.5937086758940519,0.593741340983124,0.5991494371180456,0.5546872993785686,0.5890132215581672,0.5777452785894509,0.5828370289121575,0.6016315893814844,0.6002467265057552,0.5726600500519602
S43,M6,6,0.5622640039732858,0.5451150149609205,0.5285292518167996,0.4869528178745921,0.5664172738888288,0.5469383357872372,0.5222555903398853,0.5373196214359339,0.5092433899959813,0.4969544634341682,0.5312140963777414,0.5291184478768558,0.5286351088026677,0.5029269226614651,0.5282072532172919
S43,M7,7,0.5341566690926183,0.5459799073808507,0.5538605561535349,0.5291775619627656,0.5594313631260615,0.5472841794458642,0.5328380460868481,0.5527099463309504,0.5413982074577913,0.5469499537524392,0.5273934378398784,0.5431612065274873,0.5276899347542894,0.523674646971474,0.555269788047449
S44,M1,1,0.5757777918451269,0.5917749481291906,0.6043691876369265,0.586162282577149,0.5639212977442232,0.6673334728041042,0.4935704715296996,0.5020790477461224,0.5073286117765751,0.47467950129159553,0.5819448876975724,0.5164942479290584,0.6239488910310031,0.6976805949338738,0.5716919240197086
S44,M2,2,0.5216398665253064,0.5263152653644061,0.5495193366575265,0.5143775182562066,0.4847616473030418,0.5489728577208831,0.5306272313110144,0.5382543033719415,0.5125006613714067,0.5181895656032154,0.5180789577954716,0.5041054857133342,0.5359985199933923,0.5483974826401481,0.4506449945529334
S44,M3,3,0.5172038158571726,0.5625712410048408,0.5636285567263553,0.5637183086101905,0.5552132539800436,0.5498299573928284,0.5575792342538332,0.47110107181512495,0.5523191436753291,0.5202694688508103,0.4891334272409747,0.49144380022402734,0.5105887086353162,0.486965256203537,0.5820166274307974
S44,M4,4,0.5734461137557438,0.5827354488395319,0.5536668423307795,0.5799684006199718,0.5459162370875071,0.5616813382764654,0.5456127915026979,0.5054141395297908,0.5308645699514651,0.490002983589254,0.5312717641362124,0.5234518163770823,0.5627808998638211,0.5355466560355656,0.489340867495751
S44,M5,5,0.5698818449432681,0.5071473146223759,0.5042188563897957,0.5225247680992664,0.5360449528933101,0.5117567724911819,0.5066663078035847,0.5544801770342482,0.5183098424503192,0.5117153746494129,0.5392283663142263,0.5398051788252876,0.4972361915183886,0.5278302176507329,0.46889246163842985
S44,M6,6,0.5645324951831823,0.5265210633177583,0.5011224721788526,0.5213138446271971,0.5296977029502782,0.5251198460443607,0.553071519507632,0.5065022719098237,0.5233514392876328,0.5371922935433681,0.5539896452482229,0.5570941655604708,0.49514171170175647,0.49423116819496704,0.5027309702603622
S44,M7,7,0.5519411577202233,0.5570766139752024,0.5795639531237006,0.5738587378101014,0.6027587583081724,0.5485049170056895,0.5526608024599051,0.5299856582835075,0.532341888668747,0.5319176216138285,0.5509585688332589,0.5200152659929131,0.5293372117831633,0.5347989683444945,0.4925802294619902
S48,M1,1,0.49681636226345915,0.5848785946774389,0.6104158442048686,0.5163565467376914,0.522336948428238,0.4489614070468347,0.5318642348130002,0.42173610810947326,0.5630200250932499,0.5154483065992999,0.6213847483865442,0.5635626396387255,0.4854970153122453,0.40504263103225696,0.6509059873920386
S48,M2,2,0.5207735518393724,0.5017693905316137,0.5196363131487287,0.47807081334007623,0.4802955950878087,0.4907855299030386,0.5125626860230849,0.5310851581758647,0.5547229447857325,0.5478719884424486,0.5127101759642159,0.5374382240099032,0.5358473742622167,0.5124135725899045,0.5271556283833909
S48,M3,3,0.5245686414453329,0.5439260431820726,0.5462657820269091,0.5209426118677897,0.5057438122308417,0.4982573804942672,0.5286468930305607,0.5618148039429653,0.4969921335258324,0.4057759183805639,0.5291251608988116,0.5446757812375956,0.5108674733571326,0.537620087322318,0.5294196404387337
S48,M4,4,0.5132826368914623,0.5335296869952139,0.5588422896987042,0.46829030382971987,0.4611267745402093,0.5319102291425925,0.5603801287414223,0.5353485802844558,0.46307686192824127,0.46676631118788786,0.5407443042194627,0.5278401672814117,0.5982868223969646,0.53361964236726,0.5194701729759783
S48,M5,5,0.47785500314960416,0.5449317210088129,0.4976608443102829,0.4455326237887919,0.48302503329248464,0.5454569996384017,0.5150317305820454,0.5070127567861595,0.5756146433455289,0.4889946964080224,0.5046912425876695,0.5116716033793337,0.4805175162777278,0.5224078265853817,0.5575624937212486
S48,M6,6,0.48351977990131445,0.4949126019569924,0.511357121344223,0.5172771218469074,0.5091331068208695,0.4749906481918712,0.461700345470707,0.5059829653006793,0.5380034473141893,0.4945159761896211,0.4669760032934806,0.5591906761919344,0.5425716912401903,0.49022544284519015,0.5164923075163859
S48,M7,7,0.5199953040690579,0.5242942774598001,0.5741316299993742,0.5630458866921672,0.5484596991785993,0.5312996290122436,0.5346873897150723,0.5349528570017348,0.4583359833628311,0.4765116605993156,0.5687937691875898,0.5373175514809845,0.4158797648443606,0.5189784280067162,0.4594405617078941
S49,M1,1,0.5159122997316302,0.464773192823375,0.6020038835682087,0.4692190005086538,0.4940789131590687,0.5109909435937561,0.46811849028806446,0.4411983227656691,0.5883865566015649,0.460684016211515,0.49890241431080723,0.5403502885172355,0.4901438256147052,0.41021683676183296,0.478439222906792
S49,M2,2,0.5401387921009555,0.5405447352856128,0.557201508617616,0.5591219007723505,0.5308708437287806,0.5502818586552121,0.5457352834520371,0.5790840697994394,0.5545782971925132,0.5145280918990753,0.5537912202872184,0.542615560318254,0.5736636254378816,0.5089305850423045,0.5761395796749983
S49,M3,3,0.5321521226410664,0.5837394710783727,0.5709825687355767,0.5394171641901443,0.5868529476306279,0.5398759184576096,0.5474169613234808,0.5494136755408323,0.5979894580345457,0.5800833980529119,0.5199274078138276,0.5371816165832628,0.4876530914363652,0.5114839466155587,0.5266436452452317
S49,M4,4,0.5262125855203987,0.5665809816698244,0.5723721875526069,0.5734782420027724,0.5409429871268653,0.5376419211266696,0.559409481542821,0.5178764927328774,0.5011736349519693,0.48821685240772206,0.5026954662620233,0.4820203435947962,0.5091261409165767,0.5168747955457401,0.5302811852869682
S49,M5,5,0.518935162602138,0.5339504892860654,0.5813127273014811,0.5626241142894226,0.5361381443696596,0.5370214743923544,0.5265206356342571,0.5335890718149278,0.49400640973751725,0.48598856807151664,0.49345331880653936,0.554516079707843,0.5529192531365059,0.5360160514025151,0.5152782543309034
S49,M6,6,0.5203890009268775,0.5495268383257965,0.535990253477132,0.5482395357920821,0.5382090123823738,0.5638023136023292,0.5487400740956119,0.5531851649826992,0.563715829096205,0.5775786604991324,0.5464780470041896,0.5625911892436487,0.5584244438799469,0.5940267385768188,0.5548958982567652
S49,M7,7,0.5419364644819339,0.5561638000828744,0.5388302570555762,0.5541959196526217,0.5211779669087786,0.5432579039251028,0.5529397470094278,0.5438868667577903,0.5164719445073815,0.5263756305799859,0.5147354062666081,0.5455262424307401,0.5434981816430614,0.5407798082206892,0.49735582864220873
S5,M1,1,0.5210788242276772,0.6169813866389806,0.49229253102065595,0.5220518303938534,0.49250993849091557,0.4893333220583368,0.44490086461056716,0.5427948875003374,0.5026959515448723,0.4524627980947556,0.5337782188153924,0.5751842217440988,0.6214351010088481,0.5627665426006594,0.6141545020364053
S5,M2,2,0.491026053134995,0.5309028960270592,0.5016193577897531,0.5547046586593481,0.5725200363469151,0.40653974322813624,0.5566268298262727,0.4678368902349166,0.5189875069397807,0.5140809354226613,0.49442721964604724,0.48978222752270717,0.5508142979396543,0.5196856457727821,0.5490298272429694
S5,M3,3,0.5033341924970121,0.5453498064611013,0.5552604121948058,0.5561370120960575,0.5538578404046314,0.5242810884763343,0.5541632650272401,0.5495521248569437,0.532104487974045,0.5443300989708348,0.5462873943454822,0.52813979571204,0.5822831181763315,0.5325963588617252,0.5368479955400043
S5,M4,4,0.5142872605702629,0.5490814512251967,0.5084219879498065,0.559244140946998,0.5506619501440941,0.47805002921895967,0.5365235738887508,0.5351760636012727,0.5180375671442952,0.5350893131324902,0.501641143792979,0.516851535636106,0.49192089755170737,0.49850785420446203,0.5345372002010558
S5,M5,5,0.5272154033964569,0.5194482885305115,0.5076802353824318,0.561797129098017,0.5374210500653697,0.44525088724382816,0.5331293834946245,0.5744594761244979,0.5193410721795827,0.5594297276020217,0.46797539416418427,0.48764059670448673,0.5311643170784339,0.5212359980428032,0.5131704895736269
S5,M6,6,0.5461535392629129,0.4943232135310387,0.5445412558583642,0.5571748396081053,0.5314126011986027,0.5058253307876217,0.537835323665998,0.4966259223341952,0.5284834175343505,0.5081830186356222,0.5113380590364659,0.5023908173257018,0.5202974874396077,0.4946790544456131,0.5376412625070521
S5,M7,7,0.4906461353360574,0.5081693666790091,0.5374666431795216,0.502627709939735,0.5587968541917891,0.44096930643830606,0.5417676068399834,0.5529307279209766,0.5472124954011692,0.5373057217641029,0.5313919924711041,0.5134419101692567,0.5379371995632398,0.5255481602883488,0.5145660701453643
S50,M1,1,0.5438512651477384,0.515284626622295,0.5437653730748294,0.4793888253405551,0.632042643076807,0.5145314624355978,0.5383138705716164,0.580253172429588,0.5369181299342102,0.5319054515401235,0.53929715948518,0.5248334258339741,0.5723735408877196,0.5738936230771486,0.44979067056885375
S50,M2,2,0.5383900736852996,0.5419694120638889,0.5309379076103088,0.4955069900517547,0.5798035351012627,0.552510358135922,0.506014320653828,0.5599571169406041,0.5467324069632318,0.576804272050034,0.5437524984046863,0.5808507450594428,0.5637792005251612,0.5278298349575008,0.515101621525565
S50,M3,3,0.5172262141539008,0.542327840890696,0.5365269743939046,0.5610988620486733,0.4657724330011913,0.5495062839263144,0.5581523996022779,0.5517809454375466,0.5018797186344786,0.5502613492385859,0.5387560151245969,0.5334464709926305,0.5520395786644208,0.5261384643386644,0.5560277227584196
S50,M4,4,0.5469115974556089,0.5426817810120956,0.5004216113250222,0.5134730883787849,0.5287012533584481,0.5140849057893547,0.5070200068418078,0.4935425222208492,0.5642996181936829,0.5021391028069857,0.49060367284341266,0.4685926726188613,0.47910165119750203,0.5181146608743503,0.5519350114333503
S50,M5,5,0.5340520483033409,0.5288776476705187,0.5351731842715379,0.43843397972855225,0.5645905118313378,0.5410342943050632,0.5240904579009587,0.4715304107646345,0.5620326022275498,0.5132899680949059,0.4840851794523037,0.4706056201605904,0.4437196414691523,0.5020589020698988,0.5772544377899538
S50,M6,6,0.5281052484979496,0.520028669261851,0.5763691509902197,0.5747584551551654,0.5634457969530643,0.45885347867431303,0.5753244818443276,0.5106362798072576,0.5435217113854255,0.5330693985662597,0.522605969100771,0.5167045788744108,0.5275455284185973,0.536877872422672,0.5505390210669929
S50,M7,7,0.563777335460135,0.5317215079593496,0.5089287008506744,0.5189180220107715,0.5257372455103384,0.5419113824068292,0.521664555899728,0.5490414836209291,0.5479563985214955,0.5830677826668136,0.5710921371640204,0.5739289023975991,0.5556713110201285,0.5255525889624099,0.5838368064076873
S51,M1,1,0.49665508522129176,0.4922623989228143,0.5327573644856864,0.5089037325871933,0.5349327462625506,0.4736396991622185,0.49516846248775737,0.5108129256946052,0.4944037498157671,0.440593995563504,0.4689767132426702,0.44953243188472175,0.5292156816535211,0.49794976078193814,0.5245609548458975
S51,M2,2,0.5054036056071578,0.51191298963672,0.48812381845303676,0.5582554596822515,0.5078834367776803,0.4916994630763506,0.49728581085618107,0.5028215392011559,0.5252935894243986,0.5333434348544628,0.5078900925302988,0.5114938195511668,0.5367023761748164,0.5159736644564287,0.5526645245569957
S51,M3,3,0.5578041522092115,0.5712566151878578,0.4951205027629732,0.49332461338394185,0.5223423872907392,0.5250712204592394,0.5226750789318262,0.5312839115433301,0.5157676017496525,0.509479755686596,0.5094555433008962,0.4930453349705731,0.5187984923659519,0.5574548309181007,0.5993098365896904
S51,M4,4,0.5035940105091198,0.49891709551261065,0.5552314744906803,0.5172306296117252,0.4884487183022156,0.5263225208189393,0.5220482352806395,0.506415366960353,0.5052680493006988,0.4855180052081714,0.49236226126971916,0.5021481678444605,0.5255633920012872,0.5144087088048437,0.523408018927229
S51,M5,5,0.5278749027833447,0.5136770357108886,0.5180927891624811,0.5280051868797615,0.5218962987589884,0.5052581350422808,0.5060458223922792,0.5240589577989877,0.5456801753709067,0.49356203125248826,0.5321899736084023,0.5002764531739634,0.5058762227241423,0.5753819007849454,0.5816457702266533
S51,M6,6,0.505749244092565,0.4814431219887876,0.5056222830019348,0.49641000393470697,0.5113822953284188,0.5307512801386788,0.5071961353946395,0.5065892551366096,0.5144805886530031,0.5014926445637601,0.5129396584708369,0.5145583762600687,0.5615465555468454,0.557793473400291,0.5072942143071688
S51,M7,7,0.5159735947110355,0.5048210506530943,0.5410977281009333,0.5165115190837953,0.5095090054206539,0.524849647922802,0.5184467942155658,0.5074678883935378,0.5141893584605859,0.5885731972348769,0.5142703097224324,0.4974976057433139,0.4859649939863993,0.5082345352449533,0.6001897227509921
S52,M1,1,0.1387522159242497,0.9336448108150316,0.9355233684327039,0.8997729599426425,0.8397075998286704,0.9361454819029685,0.9356197739554083,0.9355138980440397,0.13772266795526217,0.13754527733131203,0.1382056739346835,0.9368748992955007,0.9360903160082683,0.9362549122067483,0.9369949867285533
S52,M2,2,0.5330732508207683,0.5738243949770027,0.548348009832085,0.485516483622507,0.5245121782374585,0.5318977465057463,0.5435581632408987,0.568124796275718,0.538851381370829,0.5518828555134399,0.563524393770344,0.5625575531285933,0.5455141338068233,0.5426033196856753,0.5289382715199754
S52,M3,3,0.5231091318530325,0.533459817671814,0.5445023063362469,0.4879075605445605,0.5317261874967726,0.5282941527232248,0.5469606835363179,0.5417036601208818,0.5672336612914601,0.5405917359520896,0.47915755712542574,0.5155396233799038,0.5128663761650343,0.5259552424440935,0.5013610863075865
S52,M4,4,0.5086834992396166,0.557166741943566,0.5344260486536003,0.49923224959705914,0.5779877538469035,0.5507365121366774,0.5444939887055101,0.5515015523574476,0.5162014137028305,0.5242740303500693,0.5067982511030383,0.4893066805306299,0.5253132582731197,0.5311549734724086,0.5190934616056064
S52,M5,5,0.5400280856419725,0.5269033733927672,0.5775443487722669,0.47144560042001216,0.542909617235823,0.5388346743111195,0.5318168998314488,0.5388997453672077,0.4937945784124703,0.5020936428422181,0.527368066967394,0.5243147574657282,0.49384630457192086,0.5198138277195168,0.513321558459238
S52,M6,6,0.5284820470340673,0.5257547518602113,0.5296200344518771,0.49467871518259265,0.4921140393950595,0.5299672060604327,0.49711314404931367,0.5519878540321047,0.6233338510432123,0.6000108905461216,0.5383615859387165,0.5118458089805007,0.5307775826259473,0.5180052966214528,0.4935286914797511
S52,M7,7,0.5640876382383642,0.48778973265875053,0.5368194568715208,0.4913677803319002,0.5091235050323406,0.4907692825369779,0.5057525192324137,0.5262952811438377,0.484848275223505,0.49802741073969037,0.5352164893937363,0.5234508101849169,0.5567548413406951,0.5122206284201744,0.5454148130055543
S53,M1,1,0.5024043387071527,0.5322814605413133,0.5254481282076578,0.5504672752483832,0.5397789180328092,0.5386921216853611,0.50185206453483,0.5071276455356469,0.6324500888461351,0.5804913737581388,0.5589342404399601,0.44983940862256844,0.4408156759926922,0.5652347629898739,0.6296185156585027
S53,M2,2,0.5193650098435454,0.5255989799529155,0.5210594627147016,0.5567091705087461,0.5265406341263072,0.5058406931311281,0.5168593911270069,0.5213602505150184,0.5383653136908351,0.5627647607678121,0.5706618662347257,0.5295732672592786,0.5546379474095466,0.5275245318937145,0.5180737616563706
S53,M3,3,0.5309229907149031,0.5569667901061484,0.5425552492115001,0.5363092186609613,0.514051034484364,0.5299944168964522,0.5281662977916437,0.5296978087453514,0.5440711728329635,0.5288857106191042,0.53942909463115,0.5339081706538138,0.485545029758255,0.5217629352008427,0.5202933291076699
S53,M4,4,0.5294930478531963,0.5513532688696295,0.5241912328736892,0.5293374014222083,0.5756625725459428,0.538123863060963,0.53391986625865,0.51579619620943,0.5612996059509788,0.5472050347013547,0.5567309625339933,0.5475134528911036,0.5556758838283781,0.5533840963610626,0.5601669715313081
S53,M5,5,0.5551647501806015,0.5646980841266676,0.5455517554719403,0.5287943619853438,0.5322299098911992,0.548982931452997,0.5420437501982932,0.5593377952213734,0.5357163837960919,0.48645653113247544,0.5041639433641593,0.5383053166493584,0.566605651557308,0.5207033050339048,0.5306884911420386
S53,M6,6,0.5549186684940882,0.542571894911035,0.5400823984060464,0.5352905447613513,0.5412403912426114,0.5392463022458787,0.5263444328951543,0.5366694349455964,0.5636803494487677,0.5278981678912004,0.5331004117716608,0.52174339572212,0.5238396538250498,0.5183267050583956,0.5254479948331021
S53,M7,7,0.5199897244491593,0.5570644058984994,0.554543752040287,0.5299091402218287,0.49194936868844136,0.5320077206822139,0.5448602722091496,0.5200175666528334,0.5483937592757837,0.5570873309525813,0.5581384317716673,0.5711575570518075,0.5354975645912365,0.5241210542126666,0.5176122553349828
S54,M1,1,0.5141614067388917,0.5709017638150429,0.6013390933975846,0.6128436424154083,0.5272228916316192,0.5751874369344088,0.5388391703257643,0.46833835964913495,0.564633042396958,0.4718916520641116,0.46471734342982773,0.45477456556389023,0.4382456835275182,0.4327707940694162,0.51898026797124
S54,M2,2,0.5065461021439324,0.5119899622900936,0.5313198925843553,0.5653795742171959,0.5321662042198734,0.5292973529172231,0.5298110914659019,0.5545926728367893,0.5413672820290963,0.5216355731680128,0.5558450811965028,0.5355435205908078,0.5238727946250988,0.5746680703403222,0.5166743145641945
S54,M3,3,0.543746493936023,0.5488377043927045,0.5776811474225805,0.5252008139536257,0.5711772930525301,0.561380401593176,0.5269030226589437,0.4754148335622855,0.5585374750027287,0.5626522404310885,0.5486634887633194,0.5681583217529724,0.5345262620574587,0.5310683439420881,0.5383769495000228
S54,M4,4,0.544498391531085,0.5367293747564146,0.5512219947851205,0.5491101347633656,0.5447178240541837,0.5427163484489249,0.5538079194002408,0.5318706311073795,0.5405122539209029,0.5566864220283584,0.5611396093663545,0.5486351397253508,0.5433118671707436,0.561359442284161,0.5411371013801094
S54,M5,5,0.48538074766232525,0.46339452331946374,0.5041905439771608,0.47890431824697643,0.4849668726071334,0.47689400419701206,0.4745922163585631,0.49745712672398457,0.4968853238071317,0.5304492344124929,0.5326862659666664,0.525336379223108,0.5180592346425198,0.4611047769850691,0.5343916208125573
S54,M6,6,0.505737316104417,0.4993943214951949,0.5212409513382206,0.499672492665254,0.5267811471138868,0.4985427466269792,0.49995060436974226,0.5333323252361397,0.5113078305317196,0.5046899322952425,0.5160727614748414,0.5026896008978988,0.5175877808327263,0.5541805989502094,0.506907751893215
S54,M7,7,0.5631653084328749,0.5599215567726274,0.5556826375631789,0.5594263517314513,0.5559558671521665,0.5546663923167603,0.552776547645612,0.5495399060810046,0.5833545641680722,0.5789866699506993,0.5949903872520128,0.5734723165162409,0.5803609480998922,0.5928213994047598,0.5520018463804569
S55,M1,1,0.525985391470965,0.5232443259754873,0.5302131347534589,0.5166006870687666,0.458609643612506,0.4934053385621213,0.44848532640199973,0.512622997118301,0.5222301394863124,0.5220161335782905,0.5180862758835679,0.5321362425297741,0.5746598971958696,0.5846854542479791,0.538028702865158
S55,M2,2,0.5091095742874631,0.5642351300952659,0.571935611465139,0.558015215035628,0.549119649081461,0.5182265603813773,0.5156913009805905,0.5362191667709325,0.48141204681986427,0.49072700127776264,0.5385351896725925,0.5537545902301121,0.5513324202158433,0.5276426355349505,0.5088006903792961
S55,M3,3,0.5179474087130718,0.5087509821483881,0.5402929434479246,0.5429109198560361,0.5212563053778105,0.4970420249035928,0.5595885355407695,0.5087516115701518,0.5143723828307472,0.49513038248749136,0.5007736303377626,0.5358039526642068,0.5440298284006887,0.513781325159599,0.5063407773726734
S55,M4,4,0.5351791736534459,0.5730598086321848,0.5743915037677478,0.5766191207240962,0.51671088780611,0.573274626571035,0.5299509697182984,0.5356459009691317,0.5389946931460887,0.5571930810788083,0.5170192429825107,0.5408389613475891,0.5260442131346095,0.5016575414485385,0.52554947084091
S55,M5,5,0.5312832026070238,0.5433715451837516,0.5139689032672513,0.5287175655192293,0.531051737683869,0.4519530012648264,0.5519459394924151,0.5004410905039972,0.4922858704834289,0.48121003446638,0.545322148475514,0.5665778393956381,0.565047864372479,0.5729973007852344,0.4687642922572602
S55,M6,6,0.5251824159803864,0.5614512821767021,0.5627572669021912,0.5920817774571906,0.5323867141469869,0.5139681434927187,0.5290222277662587,0.4987305741352325,0.5357919378950241,0.5368477056607731,0.5251114283975241,0.4972875421723854,0.48583547311894815,0.4937294665506481,0.5228061836592417
S55,M7,7,0.4772690140926235,0.5099190252977313,0.5196751084923183,0.5241007154004038,0.4884558598650665,0.4958192910823819,0.5144610101865594,0.4945790818696657,0.5299664870241748,0.5414450337494878,0.5225854149122846,0.5147554540917564,0.4896968998628031,0.5127189217536353,0.5413489996980513
S56,M1,1,0.5610101439509861,0.6238805071762806,0.5832940607994659,0.5251179544866981,0.5410983736715276,0.6121600049705256,0.6622944118791659,0.5989645939377055,0.4784932087939341,0.5437513578384963,0.5807093399831941,0.5075171496932517,0.5053329752528466,0.5298845649701349,0.5723490057522496
S56,M2,2,0.571139517804971,0.6133451547940577,0.5954303155639787,0.48963082457326124,0.5615104632911937,0.5688760014811747,0.5724020317245786,0.5267459630465674,0.5435065908864847,0.5544943067303963,0.5336629863957472,0.5203524717324022,0.5592868624578318,0.5924818625131004,0.5356976436815569
S56,M3,3,0.5501294838570405,0.5487324764781164,0.5233151826132597,0.5654277756254172,0.5605600796688514,0.5116913958163465,0.5227367543369119,0.5241656768386792,0.5054421610234907,0.5290956328862253,0.540151582752798,0.5706718599531376,0.5265906435676049,0.51102243548431,0.5321850727800211
S56,M4,4,0.4867589233645887,0.49088110078411445,0.5264604758966442,0.5022671467946087,0.5400207195173552,0.5222820620170212,0.5365950354593546,0.5833121748505463,0.563195776138998,0.5143030886659674,0.4995668105144171,0.5226037326202501,0.5814956951215843,0.5518735787825053,0.5442174445358244
S56,M5,5,0.5502600704745835,0.530292784089633,0.5230758869782136,0.583691150006989,0.5040579738915966,0.5591664670469568,0.5434171920562582,0.5544225382565978,0.5364761813881181,0.5442839703524726,0.588996220899915,0.560189712266845,0.5380749980184565,0.6075869138594734,0.5190902146726764
S56,M6,6,0.5528560151245552,0.534647886845104,0.5345744876281885,0.5367978319163709,0.5261864330618595,0.5414638461814314,0.5061067723754252,0.5286033729492117,0.547436452807465,0.5391419564589176,0.5652550901286401,0.5053195771343963,0.5272911990948674,0.5539307755189713,0.5347813139075217
S56,M7,7,0.5142436579928387,0.5079999419710832,0.5173481430921874,0.5055108447065961,0.5156043330248767,0.5234582579161002,0.5611384703999185,0.557246861469655,0.5541601326280395,0.5388151823444306,0.5591788680377765,0.5261697992274803,0.5635009325732825,0.6008551375892262,0.5695583180121209
S57,M1,1,0.5860874709063061,0.664466523939209,0.5381812795553901,0.5305867229273091,0.47865111866774784,0.558159559544869,0.5259504520730445,0.4590981393317698,0.5263988050130118,0.5386015644730578,0.5007821936704483,0.45279967802211313,0.5704630753766916,0.4087568782344341,0.5488198227758632
S57,M2,2,0.5203608967391018,0.48571876595392105,0.49655045536600817,0.5588595211368661,0.5064171014520706,0.529218941779531,0.4838058267844206,0.5018697518971857,0.5299775060387554,0.5219870211824971,0.48289053397880205,0.49867538073939655,0.5176094944687303,0.48233867906572997,0.49753411413509896
S57,M3,3,0.5332574410951882,0.5524995411211416,0.5689969493905054,0.5828051370192234,0.554834878370304,0.5513916811014139,0.5593118190532326,0.5573454308213388,0.5513676002452889,0.5265567278657113,0.5032682014741691,0.5287352219174044,0.5034351040810929,0.5090784973325788,0.5020647924504562
S57,M4,4,0.5345784914139331,0.530749340659316,0.5180240714146667,0.4959168858052044,0.49938653473231887,0.5209072194943195,0.5102631625186154,0.5133146584642094,0.5576459971928532,0.5135161331694872,0.5255277590903507,0.4960177158232023,0.5292379293527995,0.502472071051554,0.530766061091427
S57,M5,5,0.5384552350144962,0.5225172645048834,0.5224020959587048,0.536772002656387,0.5253460101867795,0.5376695175154277,0.5209558759696721,0.5597556806134134,0.539464867229935,0.5563812241607773,0.5417365967710737,0.54095441676209,0.5263363856969266,0.5340184070163063,0.5116594865691508
S57,M6,6,0.5095974417300552,0.4979644573619981,0.5042548614003634,0.5031123827948123,0.5085455432269954,0.521655477743127,0.5131028577476163,0.5271776720523691,0.5739565854258214,0.5253171078469976,0.4969931108881216,0.5280468635353313,0.49289483323254213,0.46733068717627,0.5315351544559547
S57,M7,7,0.5313385764592485,0.5469314462061952,0.5181442490505944,0.5438776118529853,0.5086274737155886,0.5261730562538024,0.47603078142261024,0.532916491685827,0.5348921505219765,0.4934560133624708,0.46310828646406704,0.494509219627811,0.5099991263023955,0.44121300657231055,0.4593620645630411
S58,M1,1,0.5432908159528239,0.5668993740038606,0.561364843628157,0.5526255444515878,0.5447114904590462,0.5240619046904877,0.5343683425674537,0.49672142338826025,0.4745900151977679,0.4919417487197641,0.46852313475667645,0.4634268313085826,0.5376278961641265,0.5870423119167756,0.49578836123361525
S58,M2,2,0.5060407955914134,0.5331744784587098,0.5762608782222415,0.5381187014894498,0.5461624822685481,0.5372936218069043,0.5432017794243635,0.4871730749423067,0.5194408987668482,0.4918665477976729,0.5124656227794049,0.5434619830868226,0.5202858368075548,0.5252666022975391,0.5337243655606672
S58,M3,3,0.5026382849524429,0.532728851976849,0.5594198752544807,0.5469202425030936,0.5016093602008966,0.544440382618794,0.5338937334278673,0.5130627455199429,0.5511587689130549,0.5162651535110434,0.5302137148480869,0.5342499199985697,0.5589513174993969,0.51746657616012,0.5257388249575109
S58,M4,4,0.5072937073958104,0.5387901828409442,0.5524938448804412,0.5562770273394705,0.5512106878704482,0.5410425454359336,0.5724790519900483,0.5479420808620168,0.5188560526786213,0.5148804668286273,0.5136275880419168,0.5280055127763575,0.518885880012475,0.540665383970459,0.5381606376212053
S58,M5,5,0.5092986679388126,0.5334000664726966,0.5361975546102691,0.5235498042431442,0.5491286122572749,0.5352696929148173,0.5491336236129488,0.5346968189992098,0.5237208969901351,0.5248017898192866,0.5378592107618931,0.512073382827177,0.5213617587635937,0.5708580522045557,0.5371632504256253
S58,M6,6,0.5248420134340999,0.5321219141339153,0.5209215519951202,0.5430349230778739,0.5369422472711471,0.5352091854454105,0.529643709547538,0.5659458919409552,0.517751412102203,0.5068811168341363,0.5240994252970148,0.5490746981896814,0.501487280543866,0.5318631051189884,0.5177640227129037
S58,M7,7,0.5208947488243754,0.5252803679461086,0.5349908803961265,0.5529719364778497,0.5266660779878161,0.507486466986453,0.5108330625500506,0.5075457535815462,0.5388080087134507,0.5356797719986524,0.567272361255076,0.5529238000676823,0.5227811808295115,0.5288528175103536,0.5419099713364826
S59,M1,1,0.5605907880429017,0.5369998455451653,0.5896742943057781,0.5967797754995224,0.5799598795681994,0.5395265486782429,0.5406866718662239,0.5006535127457123,0.506318799749237,0.5301873748860759,0.5447070093370904,0.5491522500987995,0.567650210960014,0.5630532381770229,0.5419281899507308
S59,M2,2,0.5040522442591462,0.48350098582897394,0.5288466088098744,0.5360176553732912,0.5412289799011629,0.5098941658685351,0.537529871702946,0.5450705664013024,0.5562823245534052,0.6081726467236364,0.4940172675671054,0.5712723853401098,0.5025690436498086,0.49122561190390845,0.5359692815552209
S59,M3,3,0.5308078625345678,0.5363900922760468,0.541019938108632,0.5465476276179468,0.5228775597513925,0.5370931145382853,0.5567718719536635,0.5553369658954701,0.5489946303302048,0.5045951472834062,0.5555005267691384,0.5234787127175021,0.5787181663301822,0.5442020663314124,0.5615724973230252
S59,M4,4,0.5162175125332217,0.5019250846957813,0.5416103812318148,0.5474654271429207,0.5272002811548397,0.5621376478396456,0.515753273450339,0.5595778932938386,0.5256983873421086,0.5444157931854123,0.520443107235033,0.5231588498513542,0.48446266982592057,0.5086741443281076,0.5301463476298653
S59,M5,5,0.5608229850580313,0.5137391250523189,0.5192958953429043,0.531088241540761,0.5427279402384546,0.5418297740464995,0.45264336407950817,0.5383345709208404,0.5761343365864292,0.5605585908276045,0.5222208301247001,0.47878464017650446,0.4479553517265159,0.5019027250763093,0.5430827327126029
S59,M6,6,0.5425940794879707,0.48164061036914185,0.5538416632111065,0.5043920717160654,0.5335073690231746,0.5335373815907213,0.5416336946480913,0.5421912378887035,0.5479525062506072,0.5487383057031388,0.544719645544476,0.5469770463708492,0.5514719489466052,0.5574684700215864,0.5521622905036081
S59,M7,7,0.5319491802194372,0.518094791016132,0.5295822598338445,0.5399721320222062,0.535990195818758,0.5298063114376577,0.5283146498170738,0.5571717318744909,0.5239850302312064,0.5231708870930407,0.5382497081549482,0.49214799921589236,0.4926102263220013,0.5285059887082755,0.5288301854256493
S6,M1,1,0.4702163412127333,0.5406047942016747,0.5396542491436448,0.5056991636904311,0.5475972606247949,0.4953710312173462,0.3459841089076658,0.498618996081167,0.5840853962763182,0.6357488867067808,0.5119158596068674,0.39634388971941054,0.5438164948607402,0.4864388950770586,0.5543783745723598
S6,M2,2,0.5250538485732836,0.5084113951887052,0.5336268175012341,0.49635184024793927,0.48380837928597364,0.4797840560119617,0.5091593222537354,0.5237477501985739,0.5011958495429047,0.4891349443942462,0.5083628022319683,0.5066812853679123,0.5168540648187463,0.49293116029078465,0.5001412560097005
S6,M3,3,0.5433286585002157,0.5310533354626117,0.552661525577751,0.5587288491528193,0.4901599743803999,0.5042813186138781,0.5788665960429625,0.5398758783177984,0.4139751343471076,0.4671106661418296,0.4884893262947192,0.5385713217100476,0.5790317942088252,0.5593234828999932,0.5626393578249452
S6,M4,4,0.5415154024689295,0.5435812219317608,0.554001380578215,0.5424476490220032,0.5197955364498069,0.4846766724516214,0.5310997317098793,0.5189619680946498,0.49557821657432566,0.5236685429212893,0.5797344568882856,0.5126935099947688,0.47348689188119436,0.5564411058007823,0.5168274516732003
S6,M5,5,0.5171475508190144,0.5246151129398923,0.5482674446124038,0.561590558655364,0.5259917610143857,0.492940459139818,0.5220086142945579,0.5130134892117809,0.5338869860649073,0.5226381025240381,0.5556655625584515,0.4970448380345413,0.4874824155433187,0.5180872159373697,0.5744012811666616
S6,M6,6,0.552141973545857,0.508094888699748,0.47961139028199556,0.5011033030133536,0.5258449827003384,0.5493135028232021,0.4912429131518826,0.5191607505740156,0.5436137478136714,0.5369037563566992,0.5285552506641665,0.5433856593878934,0.5332128280432554,0.5258475390941849,0.49186061837892747
S6,M7,7,0.5736680300805659,0.5502935560285079,0.5436819638760297,0.599895327572525,0.5229085652848603,0.5385644553275819,0.5149394608545949,0.5380596125325244,0.4835517756777314,0.491860014315806,0.5649474628318192,0.5228683779645541,0.5247061693222976,0.5446744402132744,0.5246686930582986
S60,M1,1,0.4901409577817608,0.6218905177560976,0.6268163305812804,0.5679785459135085,0.5724933432510995,0.5376388067388171,0.5409170163828085,0.5254336923055681,0.5907721837472212,0.5468916040338728,0.584665727305005,0.49774379083551973,0.5282190314914362,0.5534666435698157,0.40449883833929057
S60,M2,2,0.5819916218285767,0.6007591612793541,0.5700525602783187,0.6081932426244039,0.5648637896922569,0.5826766794230371,0.5086938126088956,0.5388927565922699,0.5230322554891617,0.5926719178026668,0.5078158128406333,0.5579756202486996,0.5778548787780519,0.5725674583932594,0.5609765598880188
S60,M3,3,0.5643967183933105,0.5809954042949753,0.5691295580910571,0.5645532980201582,0.5334775348962707,0.5204190258780355,0.5410832513618178,0.5451038456314965,0.511431987860574,0.5332161152524915,0.5099625192371358,0.5376529812737237,0.543617600608196,0.5504068036236062,0.5293096638481496
S60,M4,4,0.5378327394423408,0.5432566087558637,0.5321304426230387,0.5552074992937195,0.501091922118041,0.47873629332102985,0.5326230922660384,0.4998616049538754,0.5490498688187333,0.5092236381316442,0.5228925365654734,0.4635766059842372,0.47543045395876515,0.5097817366164188,0.5030385935746464
S60,M5,5,0.5602242185570094,0.5720022012936797,0.5302397450871462,0.5385213545708915,0.5142209272407785,0.4977548405887842,0.5689599902922354,0.5391999206077578,0.5085645953091238,0.48615306134042113,0.5688131364898922,0.5077148813879049,0.4898740258408699,0.5228532569277876,0.5334332264472761
S60,M6,6,0.5180697146239064,0.5386669422848115,0.5524975090720865,0.5766532922623542,0.5482930809084874,0.5492785578813939,0.5385460419121753,0.5312441654448812,0.5342300360467572,0.521406138774835,0.5759140364224073,0.5220863825916634,0.48491294141089647,0.533963178657393,0.5120777662109
S60,M7,7,0.5979427521080265,0.5821442220615534,0.5774241023357818,0.5578082968890137,0.5557984591693026,0.5687016134985025,0.5053660137086483,0.5354417038790664,0.5616102397392906,0.5575466023892559,0.5599843223568441,0.5338344449213838,0.5101137446385374,0.5541145329354867,0.5734674770485083
S7,M1,1,0.3063790045358515,0.5463306280966634,0.47212500270239527,0.5482926981095824,0.5135484275333819,0.4847496605440481,0.4455241149788863,0.4158360715941377,0.2668205420055037,0.2569775169115842,0.5405989007824842,0.2674819909067029,0.527003907398353,0.5576177950039009,0.4004497601058774
S7,M2,2,0.5347518406372839,0.5014500305726688,0.5151012816368883,0.517330286118713,0.535989775935805,0.5097232927975869,0.5419483969590413,0.5246056061313518,0.4927814013359618,0.52306332294299,0.5807571440978118,0.5470776019547158,0.5108834699378572,0.5288321490583363,0.5329091168743533
S7,M3,3,0.5007866698655524,0.5392308665128048,0.5507344602357146,0.546497942438491,0.5324870850739922,0.5252922174006758,0.5391027712349604,0.5239686785721724,0.5317234694588462,0.49553638440001624,0.5762450314848473,0.5477371466875978,0.553310962502057,0.5511826900606144,0.5253270905556657
S7,M4,4,0.4918348239332131,0.5244786398856709,0.5237976101769182,0.5088541920573657,0.5188385955416586,0.5071589575914011,0.5198870756630007,0.5132104668845295,0.4136122558477048,0.5054964515643896,0.5614427876112679,0.5510197509764317,0.5267398684464996,0.5223763645277784,0.5470055555457616
S7,M5,5,0.5237641307613476,0.5267961068314813,0.5151178698092904,0.5354342899360602,0.5583876877671782,0.49012930283854006,0.5311996046493203,0.5050647015270968,0.509567446537926,0.5422359381653926,0.6084183231075272,0.5349102437754821,0.5158105906714845,0.5242097809191418,0.5262807836884148
S7,M6,6,0.46454302762370414,0.5245667328864995,0.5293098765605082,0.5182935412984657,0.5212877219705401,0.527040914723729,0.5264104916960258,0.4907715779174757,0.5467816047233902,0.5146399415174049,0.4896069681413642,0.5336235928228524,0.507390781878897,0.5270915915060181,0.5294045529504291
S7,M7,7,0.47011186931823207,0.5079262424945454,0.5421187992075815,0.5280720833767099,0.5249336419315118,0.5002319216810716,0.521049653505826,0.517327156715452,0.5335607513058109,0.5156824165428777,0.5162749174937511,0.5184941100873991,0.49721441831955693,0.49853240219389294,0.5330478665465407
S8,M1,1,0.23420563458421167,0.3320344981358936,0.2177487962087857,0.6631320269828034,0.22846832731086253,0.21528858838831344,0.22418678552036228,0.21938232447301836,0.2626096953584972,0.7538142084857599,0.26513207807416245,0.2710245026888613,0.2665824452708993,0.2701383674034112,0.5830251752566806
S8,M2,2,0.5279793693570107,0.5346461193074539,0.5393509280411293,0.5026657610618879,0.5358527915461634,0.5353454104277839,0.5417556259753002,0.5427698244030447,0.5259262189916823,0.5130105303219439,0.5467704627772826,0.5361554601044471,0.5388588909444316,0.5486548259098095,0.5406279995384847
S8,M3,3,0.5321302840012451,0.5064464717897925,0.48506397642377436,0.5055956367750467,0.4898777158595731,0.5099813317559103,0.4997354203113627,0.5239028655762799,0.5267768691019825,0.5196425129094943,0.5294235549484818,0.5429424515764072,0.5580047421955131,0.5646382244395689,0.5766642992081944
S8,M4,4,0.5684241008875739,0.5490300758557193,0.5312537489035194,0.5003291230887636,0.5425575755466583,0.544533275989314,0.5320514854950681,0.5435129098436351,0.5683852611276115,0.5263336761484805,0.5661944333797655,0.5316979916067928,0.5429063001813361,0.5508613101835678,0.5077476585626604
S8,M5,5,0.5524559045668085,0.52453957799596,0.5427855984268247,0.5254683796996862,0.5506200962410702,0.5330359357585647,0.5512296470080932,0.5378344196705512,0.5470027551033174,0.48508877755537083,0.5525129821574006,0.5311846227878183,0.543316899521346,0.5533177091636997,0.4868146812263784
S8,M6,6,0.5432012632992229,0.5531720932305136,0.5552038598444817,0.5605145996416214,0.5381004633482013,0.5200787409151093,0.5366964251236198,0.5158793230439379,0.5460910901164497,0.5167684688177187,0.5404407237022159,0.5320413478594176,0.5386607600558275,0.545208591294441,0.5505079269489304
S8,M7,7,0.5268202976045866,0.5465659275525137,0.5334268205151773,0.4992814244422849,0.5402818016880137,0.536361446538851,0.5418965886309909,0.5487918707065029,0.5514318178961817,0.5206858036688077,0.5445558058668252,0.5818688631405269,0.5401479082538547,0.5380834448310118,0.5406368629467286
S9,M1,1,0.522904505068311,0.467686297174058,0.5517844871924817,0.4907828581318621,0.5443588903157134,0.4993958625796854,0.5009713384726382,0.48233741831251353,0.4105961205424658,0.4614803233994801,0.45575132282628666,0.4134869230747724,0.4340122673046104,0.5185391667967254,0.5189308870888718
S9,M2,2,0.5648239768356756,0.5450661244262995,0.5497906064026362,0.5325742943791723,0.5463079271551277,0.5652764311710478,0.5362155622334628,0.5208146438405346,0.48422263425123757,0.5397573213617256,0.5496392915177355,0.5450583702169979,0.5444728810660364,0.5231033084598653,0.530083647724629
S9,M3,3,0.5381681845284377,0.5430213118310194,0.5406332960581922,0.5445469614905706,0.5435096937434433,0.5319195290109677,0.536379873295713,0.5392966433017402,0.5347428930642797,0.5484741697506079,0.5167576167653312,0.5165537395394146,0.5605164471819981,0.5365008326076162,0.5402120846409378
S9,M4,4,0.5359266629965953,0.5369326587159163,0.5327549067922236,0.5397234396812657,0.5288781664245932,0.5226941509463561,0.5082358905375981,0.5167992377202578,0.47488592777003424,0.5455863119105453,0.5272821597505433,0.5400736923604932,0.5560436811050362,0.5033066984501489,0.5535895231183181
S9,M5,5,0.5334698607995942,0.5536771692647474,0.5391398655985296,0.540948850199461,0.5233688665048428,0.5354791222883211,0.5098478300837418,0.5145845241566918,0.5066490986349985,0.5141020437121558,0.5456242191629065,0.5336077546532054,0.537182268331299,0.5285800009008159,0.5305498845873061
S9,M6,6,0.5321673292952702,0.5204569709546497,0.5241477796011427,0.5321750393798454,0.520413058625901,0.5207735821976395,0.5147164273140115,0.481476057999872,0.5084728012675216,0.5211742993502195,0.5310869938847189,0.5232485465402167,0.49680698693488623,0.5010360954452711,0.5150965469560367
S9,M7,7,0.5379180525988978,0.5541021699910227,0.4972098001723767,0.5294752475750709,0.5321119052059528,0.5370980329624484,0.5033260280393917,0.5089887489533237,0.5103643573644727,0.5144625739693416,0.4998348023637222,0.5039611735197614,0.5283034496550987,0.4766333661653297,0.5376806461155391
